0 2 1,0,0,0,0,0,0,0,0,0,1,1,1,0,0,1,0,0,0,0,1,1,1,0,0,1,0,1,0,1,0,0,0,1,1,1,1,1,1,1,1,0,1,1,1,0,0,0,1,1,1,1,1,0,0,0,1,1,1,1,1,1,1,1,0,1,1,0,1,1,1,0,0,0,1,0,1,1,1,1,0,0,0,1,1,0,1,1,1,1,1,0,0,1,0,0,0,1,1,1
0 3 1,0,0,0,0,0,0,0,0,0,1,1,1,0,0,1,0,0,0,0,1,1,1,0,0,1,0,1,0,1,0,0,0,1,1,1,1,1,1,1,1,0,1,1,1,0,0,0,1,1,1,1,1,0,0,0,1,1,1,1,1,1,1,1,0,1,1,0,1,1,1,0,0,0,1,0,1,1,1,1,0,0,0,1,1,0,1,1,1,1,1,0,0,1,0,0,0,1,1,1
0 4 1,0,0,0,0,0,0,0,0,0,1,1,1,0,0,1,0,0,0,0,1,1,1,0,0,1,0,1,0,1,0,0,0,1,1,1,1,1,1,1,1,0,1,1,1,0,0,0,1,1,1,1,1,0,0,0,1,1,1,1,1,1,1,1,0,1,1,0,1,1,1,0,0,0,1,0,1,1,1,1,0,0,0,1,1,0,1,1,1,1,1,0,0,1,0,0,0,1,1,1
0 5 1,0,0,0,0,0,0,0,0,0,1,1,1,0,0,1,0,0,0,0,1,1,1,0,0,1,0,1,0,1,0,0,0,1,1,1,1,1,1,1,1,0,1,1,1,0,0,0,1,1,1,1,1,0,0,0,1,1,1,1,1,1,1,1,0,1,1,0,1,1,1,0,0,0,1,0,1,1,1,1,0,0,0,1,1,0,1,1,1,1,1,0,0,1,0,0,0,1,1,1
0 6 1,0,0,0,0,0,0,0,0,0,1,1,1,0,0,1,0,0,0,0,1,1,1,0,0,1,0,1,0,1,0,0,0,1,1,1,1,1,1,1,1,0,1,1,1,0,0,0,1,1,1,1,1,0,0,0,1,1,1,1,1,1,1,1,0,1,1,0,1,1,1,0,0,0,1,0,1,1,1,1,0,0,0,1,1,0,1,1,1,1,1,0,0,1,0,0,0,1,1,1
0 7 1,0,0,0,0,0,0,0,0,0,1,1,1,0,0,1,0,0,0,0,1,1,1,0,0,1,0,1,0,1,0,0,0,1,1,1,1,1,1,1,1,0,1,1,1,0,0,0,1,1,1,1,1,0,0,0,1,1,1,1,1,1,1,1,0,1,1,0,1,1,1,0,0,0,1,0,1,1,1,1,0,0,0,1,1,0,1,1,1,1,1,0,0,1,0,0,0,1,1,1
0 8 1,0,0,0,0,0,0,0,0,0,1,1,1,0,0,1,0,0,0,0,1,1,1,0,0,1,0,1,0,1,0,0,0,1,1,1,1,1,1,1,1,0,1,1,1,0,0,0,1,1,1,1,1,0,0,0,1,1,1,1,1,1,1,1,0,1,1,0,1,1,1,0,0,0,1,0,1,1,1,1,0,0,0,1,1,0,1,1,1,1,1,0,0,1,0,0,0,1,1,1
0 9 1,0,0,0,0,0,0,0,0,0,1,1,1,0,0,1,0,0,0,0,1,1,1,0,0,1,0,1,0,1,0,0,0,1,1,1,1,1,1,1,1,0,1,1,1,0,0,0,1,1,1,1,1,0,0,0,1,1,1,1,1,1,1,1,0,1,1,0,1,1,1,0,0,0,1,0,1,1,1,1,0,0,0,1,1,0,1,1,1,1,1,0,0,1,0,0,0,1,1,1
0 99 0,0,0,1,1,1,0,1,1,1,0,0,0,1,0,1,0,1,0,0,1,1,0,1,0,0,0,1,0,0,0,1,1,1,1,1,0,1,0,1,0,0,0,1,1,1,0,0,0,1,0,0,1,1,1,1,0,0,0,1,1,1,1,1,0,1,1,1,1,1,1,0,1,1,0,0,1,0,1,1,1,0,0,0,0,1,1,0,0,0,0,0,0,0,0,1,0,1,0,0
1 2 1,0,0,0,0,0,0,0,0,0,1,1,1,0,0,1,0,0,0,0,1,1,1,0,0,1,0,1,0,1,0,0,0,1,1,1,1,1,1,1,1,0,1,1,1,0,0,0,1,1,1,1,1,0,0,0,1,1,1,1,1,1,1,1,0,1,1,0,1,1,1,0,0,0,1,0,1,1,1,1,0,0,0,1,1,0,1,1,1,1,1,0,0,1,0,0,0,1,1,1
1 3 1,0,0,0,0,0,0,0,0,0,1,1,1,0,0,1,0,0,0,0,1,1,1,0,0,1,0,1,0,1,0,0,0,1,1,1,1,1,1,1,1,0,1,1,1,0,0,0,1,1,1,1,1,0,0,0,1,1,1,1,1,1,1,1,0,1,1,0,1,1,1,0,0,0,1,0,1,1,1,1,0,0,0,1,1,0,1,1,1,1,1,0,0,1,0,0,0,1,1,1
1 4 1,0,0,0,0,0,0,0,0,0,1,1,1,0,0,1,0,0,0,0,1,1,1,0,0,1,0,1,0,1,0,0,0,1,1,1,1,1,1,1,1,0,1,1,1,0,0,0,1,1,1,1,1,0,0,0,1,1,1,1,1,1,1,1,0,1,1,0,1,1,1,0,0,0,1,0,1,1,1,1,0,0,0,1,1,0,1,1,1,1,1,0,0,1,0,0,0,1,1,1
1 5 1,0,0,0,0,0,0,0,0,0,1,1,1,0,0,1,0,0,0,0,1,1,1,0,0,1,0,1,0,1,0,0,0,1,1,1,1,1,1,1,1,0,1,1,1,0,0,0,1,1,1,1,1,0,0,0,1,1,1,1,1,1,1,1,0,1,1,0,1,1,1,0,0,0,1,0,1,1,1,1,0,0,0,1,1,0,1,1,1,1,1,0,0,1,0,0,0,1,1,1
1 6 1,0,0,0,0,0,0,0,0,0,1,1,1,0,0,1,0,0,0,0,1,1,1,0,0,1,0,1,0,1,0,0,0,1,1,1,1,1,1,1,1,0,1,1,1,0,0,0,1,1,1,1,1,0,0,0,1,1,1,1,1,1,1,1,0,1,1,0,1,1,1,0,0,0,1,0,1,1,1,1,0,0,0,1,1,0,1,1,1,1,1,0,0,1,0,0,0,1,1,1
1 7 1,0,0,0,0,0,0,0,0,0,1,1,1,0,0,1,0,0,0,0,1,1,1,0,0,1,0,1,0,1,0,0,0,1,1,1,1,1,1,1,1,0,1,1,1,0,0,0,1,1,1,1,1,0,0,0,1,1,1,1,1,1,1,1,0,1,1,0,1,1,1,0,0,0,1,0,1,1,1,1,0,0,0,1,1,0,1,1,1,1,1,0,0,1,0,0,0,1,1,1
1 8 1,0,0,0,0,0,0,0,0,0,1,1,1,0,0,1,0,0,0,0,1,1,1,0,0,1,0,1,0,1,0,0,0,1,1,1,1,1,1,1,1,0,1,1,1,0,0,0,1,1,1,1,1,0,0,0,1,1,1,1,1,1,1,1,0,1,1,0,1,1,1,0,0,0,1,0,1,1,1,1,0,0,0,1,1,0,1,1,1,1,1,0,0,1,0,0,0,1,1,1
1 9 1,0,0,0,0,0,0,0,0,0,1,1,1,0,0,1,0,0,0,0,1,1,1,0,0,1,0,1,0,1,0,0,0,1,1,1,1,1,1,1,1,0,1,1,1,0,0,0,1,1,1,1,1,0,0,0,1,1,1,1,1,1,1,1,0,1,1,0,1,1,1,0,0,0,1,0,1,1,1,1,0,0,0,1,1,0,1,1,1,1,1,0,0,1,0,0,0,1,1,1
2 3 1,0,0,0,0,0,0,0,0,0,1,1,1,0,0,1,0,0,0,0,1,1,1,0,0,1,0,1,0,1,0,0,0,1,1,1,1,1,1,1,1,0,1,1,1,0,0,0,1,1,1,1,1,0,0,0,1,1,1,1,1,1,1,1,0,1,1,0,1,1,1,0,0,0,1,0,1,1,1,1,0,0,0,1,1,0,1,1,1,1,1,0,0,1,0,0,0,1,1,1
2 4 1,0,0,0,0,0,0,0,0,0,1,1,1,0,0,1,0,0,0,0,1,1,1,0,0,1,0,1,0,1,0,0,0,1,1,1,1,1,1,1,1,0,1,1,1,0,0,0,1,1,1,1,1,0,0,0,1,1,1,1,1,1,1,1,0,1,1,0,1,1,1,0,0,0,1,0,1,1,1,1,0,0,0,1,1,0,1,1,1,1,1,0,0,1,0,0,0,1,1,1
2 5 1,0,0,0,0,0,0,0,0,0,1,1,1,0,0,1,0,0,0,0,1,1,1,0,0,1,0,1,0,1,0,0,0,1,1,1,1,1,1,1,1,0,1,1,1,0,0,0,1,1,1,1,1,0,0,0,1,1,1,1,1,1,1,1,0,1,1,0,1,1,1,0,0,0,1,0,1,1,1,1,0,0,0,1,1,0,1,1,1,1,1,0,0,1,0,0,0,1,1,1
2 6 1,0,0,0,0,0,0,0,0,0,1,1,1,0,0,1,0,0,0,0,1,1,1,0,0,1,0,1,0,1,0,0,0,1,1,1,1,1,1,1,1,0,1,1,1,0,0,0,1,1,1,1,1,0,0,0,1,1,1,1,1,1,1,1,0,1,1,0,1,1,1,0,0,0,1,0,1,1,1,1,0,0,0,1,1,0,1,1,1,1,1,0,0,1,0,0,0,1,1,1
2 7 1,0,0,0,0,0,0,0,0,0,1,1,1,0,0,1,0,0,0,0,1,1,1,0,0,1,0,1,0,1,0,0,0,1,1,1,1,1,1,1,1,0,1,1,1,0,0,0,1,1,1,1,1,0,0,0,1,1,1,1,1,1,1,1,0,1,1,0,1,1,1,0,0,0,1,0,1,1,1,1,0,0,0,1,1,0,1,1,1,1,1,0,0,1,0,0,0,1,1,1
2 8 1,0,0,0,0,0,0,0,0,0,1,1,1,0,0,1,0,0,0,0,1,1,1,0,0,1,0,1,0,1,0,0,0,1,1,1,1,1,1,1,1,0,1,1,1,0,0,0,1,1,1,1,1,0,0,0,1,1,1,1,1,1,1,1,0,1,1,0,1,1,1,0,0,0,1,0,1,1,1,1,0,0,0,1,1,0,1,1,1,1,1,0,0,1,0,0,0,1,1,1
2 9 1,0,0,0,0,0,0,0,0,0,1,1,1,0,0,1,0,0,0,0,1,1,1,0,0,1,0,1,0,1,0,0,0,1,1,1,1,1,1,1,1,0,1,1,1,0,0,0,1,1,1,1,1,0,0,0,1,1,1,1,1,1,1,1,0,1,1,0,1,1,1,0,0,0,1,0,1,1,1,1,0,0,0,1,1,0,1,1,1,1,1,0,0,1,0,0,0,1,1,1
3 4 1,0,0,0,0,0,0,0,0,0,1,1,1,0,0,1,0,0,0,0,1,1,1,0,0,1,0,1,0,1,0,0,0,1,1,1,1,1,1,1,1,0,1,1,1,0,0,0,1,1,1,1,1,0,0,0,1,1,1,1,1,1,1,1,0,1,1,0,1,1,1,0,0,0,1,0,1,1,1,1,0,0,0,1,1,0,1,1,1,1,1,0,0,1,0,0,0,1,1,1
3 5 1,0,0,0,0,0,0,0,0,0,1,1,1,0,0,1,0,0,0,0,1,1,1,0,0,1,0,1,0,1,0,0,0,1,1,1,1,1,1,1,1,0,1,1,1,0,0,0,1,1,1,1,1,0,0,0,1,1,1,1,1,1,1,1,0,1,1,0,1,1,1,0,0,0,1,0,1,1,1,1,0,0,0,1,1,0,1,1,1,1,1,0,0,1,0,0,0,1,1,1
3 6 1,0,0,0,0,0,0,0,0,0,1,1,1,0,0,1,0,0,0,0,1,1,1,0,0,1,0,1,0,1,0,0,0,1,1,1,1,1,1,1,1,0,1,1,1,0,0,0,1,1,1,1,1,0,0,0,1,1,1,1,1,1,1,1,0,1,1,0,1,1,1,0,0,0,1,0,1,1,1,1,0,0,0,1,1,0,1,1,1,1,1,0,0,1,0,0,0,1,1,1
3 7 1,0,0,0,0,0,0,0,0,0,1,1,1,0,0,1,0,0,0,0,1,1,1,0,0,1,0,1,0,1,0,0,0,1,1,1,1,1,1,1,1,0,1,1,1,0,0,0,1,1,1,1,1,0,0,0,1,1,1,1,1,1,1,1,0,1,1,0,1,1,1,0,0,0,1,0,1,1,1,1,0,0,0,1,1,0,1,1,1,1,1,0,0,1,0,0,0,1,1,1
3 8 1,0,0,0,0,0,0,0,0,0,1,1,1,0,0,1,0,0,0,0,1,1,1,0,0,1,0,1,0,1,0,0,0,1,1,1,1,1,1,1,1,0,1,1,1,0,0,0,1,1,1,1,1,0,0,0,1,1,1,1,1,1,1,1,0,1,1,0,1,1,1,0,0,0,1,0,1,1,1,1,0,0,0,1,1,0,1,1,1,1,1,0,0,1,0,0,0,1,1,1
3 9 1,0,0,0,0,0,0,0,0,0,1,1,1,0,0,1,0,0,0,0,1,1,1,0,0,1,0,1,0,1,0,0,0,1,1,1,1,1,1,1,1,0,1,1,1,0,0,0,1,1,1,1,1,0,0,0,1,1,1,1,1,1,1,1,0,1,1,0,1,1,1,0,0,0,1,0,1,1,1,1,0,0,0,1,1,0,1,1,1,1,1,0,0,1,0,0,0,1,1,1
4 5 1,0,0,0,0,0,0,0,0,0,1,1,1,0,0,1,0,0,0,0,1,1,1,0,0,1,0,1,0,1,0,0,0,1,1,1,1,1,1,1,1,0,1,1,1,0,0,0,1,1,1,1,1,0,0,0,1,1,1,1,1,1,1,1,0,1,1,0,1,1,1,0,0,0,1,0,1,1,1,1,0,0,0,1,1,0,1,1,1,1,1,0,0,1,0,0,0,1,1,1
4 6 1,0,0,0,0,0,0,0,0,0,1,1,1,0,0,1,0,0,0,0,1,1,1,0,0,1,0,1,0,1,0,0,0,1,1,1,1,1,1,1,1,0,1,1,1,0,0,0,1,1,1,1,1,0,0,0,1,1,1,1,1,1,1,1,0,1,1,0,1,1,1,0,0,0,1,0,1,1,1,1,0,0,0,1,1,0,1,1,1,1,1,0,0,1,0,0,0,1,1,1
4 7 1,0,0,0,0,0,0,0,0,0,1,1,1,0,0,1,0,0,0,0,1,1,1,0,0,1,0,1,0,1,0,0,0,1,1,1,1,1,1,1,1,0,1,1,1,0,0,0,1,1,1,1,1,0,0,0,1,1,1,1,1,1,1,1,0,1,1,0,1,1,1,0,0,0,1,0,1,1,1,1,0,0,0,1,1,0,1,1,1,1,1,0,0,1,0,0,0,1,1,1
4 8 1,0,0,0,0,0,0,0,0,0,1,1,1,0,0,1,0,0,0,0,1,1,1,0,0,1,0,1,0,1,0,0,0,1,1,1,1,1,1,1,1,0,1,1,1,0,0,0,1,1,1,1,1,0,0,0,1,1,1,1,1,1,1,1,0,1,1,0,1,1,1,0,0,0,1,0,1,1,1,1,0,0,0,1,1,0,1,1,1,1,1,0,0,1,0,0,0,1,1,1
4 9 1,0,0,0,0,0,0,0,0,0,1,1,1,0,0,1,0,0,0,0,1,1,1,0,0,1,0,1,0,1,0,0,0,1,1,1,1,1,1,1,1,0,1,1,1,0,0,0,1,1,1,1,1,0,0,0,1,1,1,1,1,1,1,1,0,1,1,0,1,1,1,0,0,0,1,0,1,1,1,1,0,0,0,1,1,0,1,1,1,1,1,0,0,1,0,0,0,1,1,1
5 6 1,0,0,0,0,0,0,0,0,0,1,1,1,0,0,1,0,0,0,0,1,1,1,0,0,1,0,1,0,1,0,0,0,1,1,1,1,1,1,1,1,0,1,1,1,0,0,0,1,1,1,1,1,0,0,0,1,1,1,1,1,1,1,1,0,1,1,0,1,1,1,0,0,0,1,0,1,1,1,1,0,0,0,1,1,0,1,1,1,1,1,0,0,1,0,0,0,1,1,1
5 7 1,0,0,0,0,0,0,0,0,0,1,1,1,0,0,1,0,0,0,0,1,1,1,0,0,1,0,1,0,1,0,0,0,1,1,1,1,1,1,1,1,0,1,1,1,0,0,0,1,1,1,1,1,0,0,0,1,1,1,1,1,1,1,1,0,1,1,0,1,1,1,0,0,0,1,0,1,1,1,1,0,0,0,1,1,0,1,1,1,1,1,0,0,1,0,0,0,1,1,1
5 8 1,0,0,0,0,0,0,0,0,0,1,1,1,0,0,1,0,0,0,0,1,1,1,0,0,1,0,1,0,1,0,0,0,1,1,1,1,1,1,1,1,0,1,1,1,0,0,0,1,1,1,1,1,0,0,0,1,1,1,1,1,1,1,1,0,1,1,0,1,1,1,0,0,0,1,0,1,1,1,1,0,0,0,1,1,0,1,1,1,1,1,0,0,1,0,0,0,1,1,1
5 9 1,0,0,0,0,0,0,0,0,0,1,1,1,0,0,1,0,0,0,0,1,1,1,0,0,1,0,1,0,1,0,0,0,1,1,1,1,1,1,1,1,0,1,1,1,0,0,0,1,1,1,1,1,0,0,0,1,1,1,1,1,1,1,1,0,1,1,0,1,1,1,0,0,0,1,0,1,1,1,1,0,0,0,1,1,0,1,1,1,1,1,0,0,1,0,0,0,1,1,1
6 7 1,0,0,0,0,0,0,0,0,0,1,1,1,0,0,1,0,0,0,0,1,1,1,0,0,1,0,1,0,1,0,0,0,1,1,1,1,1,1,1,1,0,1,1,1,0,0,0,1,1,1,1,1,0,0,0,1,1,1,1,1,1,1,1,0,1,1,0,1,1,1,0,0,0,1,0,1,1,1,1,0,0,0,1,1,0,1,1,1,1,1,0,0,1,0,0,0,1,1,1
6 8 1,0,0,0,0,0,0,0,0,0,1,1,1,0,0,1,0,0,0,0,1,1,1,0,0,1,0,1,0,1,0,0,0,1,1,1,1,1,1,1,1,0,1,1,1,0,0,0,1,1,1,1,1,0,0,0,1,1,1,1,1,1,1,1,0,1,1,0,1,1,1,0,0,0,1,0,1,1,1,1,0,0,0,1,1,0,1,1,1,1,1,0,0,1,0,0,0,1,1,1
6 9 1,0,0,0,0,0,0,0,0,0,1,1,1,0,0,1,0,0,0,0,1,1,1,0,0,1,0,1,0,1,0,0,0,1,1,1,1,1,1,1,1,0,1,1,1,0,0,0,1,1,1,1,1,0,0,0,1,1,1,1,1,1,1,1,0,1,1,0,1,1,1,0,0,0,1,0,1,1,1,1,0,0,0,1,1,0,1,1,1,1,1,0,0,1,0,0,0,1,1,1
7 8 1,0,0,0,0,0,0,0,0,0,1,1,1,0,0,1,0,0,0,0,1,1,1,0,0,1,0,1,0,1,0,0,0,1,1,1,1,1,1,1,1,0,1,1,1,0,0,0,1,1,1,1,1,0,0,0,1,1,1,1,1,1,1,1,0,1,1,0,1,1,1,0,0,0,1,0,1,1,1,1,0,0,0,1,1,0,1,1,1,1,1,0,0,1,0,0,0,1,1,1
7 9 1,0,0,0,0,0,0,0,0,0,1,1,1,0,0,1,0,0,0,0,1,1,1,0,0,1,0,1,0,1,0,0,0,1,1,1,1,1,1,1,1,0,1,1,1,0,0,0,1,1,1,1,1,0,0,0,1,1,1,1,1,1,1,1,0,1,1,0,1,1,1,0,0,0,1,0,1,1,1,1,0,0,0,1,1,0,1,1,1,1,1,0,0,1,0,0,0,1,1,1
8 9 1,0,0,0,0,0,0,0,0,0,1,1,1,0,0,1,0,0,0,0,1,1,1,0,0,1,0,1,0,1,0,0,0,1,1,1,1,1,1,1,1,0,1,1,1,0,0,0,1,1,1,1,1,0,0,0,1,1,1,1,1,1,1,1,0,1,1,0,1,1,1,0,0,0,1,0,1,1,1,1,0,0,0,1,1,0,1,1,1,1,1,0,0,1,0,0,0,1,1,1
9 10 1,0,0,1,1,1,0,1,1,0,1,1,0,1,0,0,0,0,1,0,1,0,1,0,1,1,0,1,0,1,0,0,1,0,0,0,1,1,1,1,0,1,0,1,0,0,0,1,1,0,1,1,1,0,1,1,1,1,1,0,1,1,0,1,1,0,1,0,0,0,0,0,0,0,1,1,0,1,1,0,1,0,1,1,0,0,1,1,1,0,0,0,1,1,0,0,1,0,0,0
10 12 1,1,1,0,0,0,1,0,0,0,1,1,1,0,1,0,1,0,0,1,1,1,1,0,1,0,1,0,0,0,1,0,0,1,0,1,1,1,1,1,1,0,0,0,1,1,1,0,1,0,0,0,1,0,0,1,1,0,1,0,1,0,0,0,1,0,1,1,1,0,0,0,1,1,1,0,0,1,0,0,1,1,1,1,0,0,0,1,1,0,0,1,0,0,0,1,0,1,1,1
10 13 1,1,1,0,0,0,1,0,0,0,1,1,1,0,1,0,1,0,0,1,1,1,1,0,1,0,1,0,0,0,1,0,0,1,0,1,1,1,1,1,1,0,0,0,1,1,1,0,1,0,0,0,1,0,0,1,1,0,1,0,1,0,0,0,1,0,1,1,1,0,0,0,1,1,1,0,0,1,0,0,1,1,1,1,0,0,0,1,1,0,0,1,0,0,0,1,0,1,1,1
10 14 1,1,1,0,0,0,1,0,0,0,1,1,1,0,1,0,1,0,0,1,1,1,1,0,1,0,1,0,0,0,1,0,0,1,0,1,1,1,1,1,1,0,0,0,1,1,1,0,1,0,0,0,1,0,0,1,1,0,1,0,1,0,0,0,1,0,1,1,1,0,0,0,1,1,1,0,0,1,0,0,1,1,1,1,0,0,0,1,1,0,0,1,0,0,0,1,0,1,1,1
10 15 1,1,1,0,0,0,1,0,0,0,1,1,1,0,1,0,1,0,0,1,1,1,1,0,1,0,1,0,0,0,1,0,0,1,0,1,1,1,1,1,1,0,0,0,1,1,1,0,1,0,0,0,1,0,0,1,1,0,1,0,1,0,0,0,1,0,1,1,1,0,0,0,1,1,1,0,0,1,0,0,1,1,1,1,0,0,0,1,1,0,0,1,0,0,0,1,0,1,1,1
10 16 1,1,1,0,0,0,1,0,0,0,1,1,1,0,1,0,1,0,0,1,1,1,1,0,1,0,1,0,0,0,1,0,0,1,0,1,1,1,1,1,1,0,0,0,1,1,1,0,1,0,0,0,1,0,0,1,1,0,1,0,1,0,0,0,1,0,1,1,1,0,0,0,1,1,1,0,0,1,0,0,1,1,1,1,0,0,0,1,1,0,0,1,0,0,0,1,0,1,1,1
10 17 1,1,1,0,0,0,1,0,0,0,1,1,1,0,1,0,1,0,0,1,1,1,1,0,1,0,1,0,0,0,1,0,0,1,0,1,1,1,1,1,1,0,0,0,1,1,1,0,1,0,0,0,1,0,0,1,1,0,1,0,1,0,0,0,1,0,1,1,1,0,0,0,1,1,1,0,0,1,0,0,1,1,1,1,0,0,0,1,1,0,0,1,0,0,0,1,0,1,1,1
10 18 1,1,1,0,0,0,1,0,0,0,1,1,1,0,1,0,1,0,0,1,1,1,1,0,1,0,1,0,0,0,1,0,0,1,0,1,1,1,1,1,1,0,0,0,1,1,1,0,1,0,0,0,1,0,0,1,1,0,1,0,1,0,0,0,1,0,1,1,1,0,0,0,1,1,1,0,0,1,0,0,1,1,1,1,0,0,0,1,1,0,0,1,0,0,0,1,0,1,1,1
10 19 1,1,1,0,0,0,1,0,0,0,1,1,1,0,1,0,1,0,0,1,1,1,1,0,1,0,1,0,0,0,1,0,0,1,0,1,1,1,1,1,1,0,0,0,1,1,1,0,1,0,0,0,1,0,0,1,1,0,1,0,1,0,0,0,1,0,1,1,1,0,0,0,1,1,1,0,0,1,0,0,1,1,1,1,0,0,0,1,1,0,0,1,0,0,0,1,0,1,1,1
11 12 1,1,1,0,0,0,1,0,0,0,1,1,1,0,1,0,1,0,0,1,1,1,1,0,1,0,1,0,0,0,1,0,0,1,0,1,1,1,1,1,1,0,0,0,1,1,1,0,1,0,0,0,1,0,0,1,1,0,1,0,1,0,0,0,1,0,1,1,1,0,0,0,1,1,1,0,0,1,0,0,1,1,1,1,0,0,0,1,1,0,0,1,0,0,0,1,0,1,1,1
11 13 1,1,1,0,0,0,1,0,0,0,1,1,1,0,1,0,1,0,0,1,1,1,1,0,1,0,1,0,0,0,1,0,0,1,0,1,1,1,1,1,1,0,0,0,1,1,1,0,1,0,0,0,1,0,0,1,1,0,1,0,1,0,0,0,1,0,1,1,1,0,0,0,1,1,1,0,0,1,0,0,1,1,1,1,0,0,0,1,1,0,0,1,0,0,0,1,0,1,1,1
11 14 1,1,1,0,0,0,1,0,0,0,1,1,1,0,1,0,1,0,0,1,1,1,1,0,1,0,1,0,0,0,1,0,0,1,0,1,1,1,1,1,1,0,0,0,1,1,1,0,1,0,0,0,1,0,0,1,1,0,1,0,1,0,0,0,1,0,1,1,1,0,0,0,1,1,1,0,0,1,0,0,1,1,1,1,0,0,0,1,1,0,0,1,0,0,0,1,0,1,1,1
11 15 1,1,1,0,0,0,1,0,0,0,1,1,1,0,1,0,1,0,0,1,1,1,1,0,1,0,1,0,0,0,1,0,0,1,0,1,1,1,1,1,1,0,0,0,1,1,1,0,1,0,0,0,1,0,0,1,1,0,1,0,1,0,0,0,1,0,1,1,1,0,0,0,1,1,1,0,0,1,0,0,1,1,1,1,0,0,0,1,1,0,0,1,0,0,0,1,0,1,1,1
11 16 1,1,1,0,0,0,1,0,0,0,1,1,1,0,1,0,1,0,0,1,1,1,1,0,1,0,1,0,0,0,1,0,0,1,0,1,1,1,1,1,1,0,0,0,1,1,1,0,1,0,0,0,1,0,0,1,1,0,1,0,1,0,0,0,1,0,1,1,1,0,0,0,1,1,1,0,0,1,0,0,1,1,1,1,0,0,0,1,1,0,0,1,0,0,0,1,0,1,1,1
11 17 1,1,1,0,0,0,1,0,0,0,1,1,1,0,1,0,1,0,0,1,1,1,1,0,1,0,1,0,0,0,1,0,0,1,0,1,1,1,1,1,1,0,0,0,1,1,1,0,1,0,0,0,1,0,0,1,1,0,1,0,1,0,0,0,1,0,1,1,1,0,0,0,1,1,1,0,0,1,0,0,1,1,1,1,0,0,0,1,1,0,0,1,0,0,0,1,0,1,1,1
11 18 1,1,1,0,0,0,1,0,0,0,1,1,1,0,1,0,1,0,0,1,1,1,1,0,1,0,1,0,0,0,1,0,0,1,0,1,1,1,1,1,1,0,0,0,1,1,1,0,1,0,0,0,1,0,0,1,1,0,1,0,1,0,0,0,1,0,1,1,1,0,0,0,1,1,1,0,0,1,0,0,1,1,1,1,0,0,0,1,1,0,0,1,0,0,0,1,0,1,1,1
11 19 1,1,1,0,0,0,1,0,0,0,1,1,1,0,1,0,1,0,0,1,1,1,1,0,1,0,1,0,0,0,1,0,0,1,0,1,1,1,1,1,1,0,0,0,1,1,1,0,1,0,0,0,1,0,0,1,1,0,1,0,1,0,0,0,1,0,1,1,1,0,0,0,1,1,1,0,0,1,0,0,1,1,1,1,0,0,0,1,1,0,0,1,0,0,0,1,0,1,1,1
12 13 1,1,1,0,0,0,1,0,0,0,1,1,1,0,1,0,1,0,0,1,1,1,1,0,1,0,1,0,0,0,1,0,0,1,0,1,1,1,1,1,1,0,0,0,1,1,1,0,1,0,0,0,1,0,0,1,1,0,1,0,1,0,0,0,1,0,1,1,1,0,0,0,1,1,1,0,0,1,0,0,1,1,1,1,0,0,0,1,1,0,0,1,0,0,0,1,0,1,1,1
12 14 1,1,1,0,0,0,1,0,0,0,1,1,1,0,1,0,1,0,0,1,1,1,1,0,1,0,1,0,0,0,1,0,0,1,0,1,1,1,1,1,1,0,0,0,1,1,1,0,1,0,0,0,1,0,0,1,1,0,1,0,1,0,0,0,1,0,1,1,1,0,0,0,1,1,1,0,0,1,0,0,1,1,1,1,0,0,0,1,1,0,0,1,0,0,0,1,0,1,1,1
12 15 1,1,1,0,0,0,1,0,0,0,1,1,1,0,1,0,1,0,0,1,1,1,1,0,1,0,1,0,0,0,1,0,0,1,0,1,1,1,1,1,1,0,0,0,1,1,1,0,1,0,0,0,1,0,0,1,1,0,1,0,1,0,0,0,1,0,1,1,1,0,0,0,1,1,1,0,0,1,0,0,1,1,1,1,0,0,0,1,1,0,0,1,0,0,0,1,0,1,1,1
12 16 1,1,1,0,0,0,1,0,0,0,1,1,1,0,1,0,1,0,0,1,1,1,1,0,1,0,1,0,0,0,1,0,0,1,0,1,1,1,1,1,1,0,0,0,1,1,1,0,1,0,0,0,1,0,0,1,1,0,1,0,1,0,0,0,1,0,1,1,1,0,0,0,1,1,1,0,0,1,0,0,1,1,1,1,0,0,0,1,1,0,0,1,0,0,0,1,0,1,1,1
12 17 1,1,1,0,0,0,1,0,0,0,1,1,1,0,1,0,1,0,0,1,1,1,1,0,1,0,1,0,0,0,1,0,0,1,0,1,1,1,1,1,1,0,0,0,1,1,1,0,1,0,0,0,1,0,0,1,1,0,1,0,1,0,0,0,1,0,1,1,1,0,0,0,1,1,1,0,0,1,0,0,1,1,1,1,0,0,0,1,1,0,0,1,0,0,0,1,0,1,1,1
12 18 1,1,1,0,0,0,1,0,0,0,1,1,1,0,1,0,1,0,0,1,1,1,1,0,1,0,1,0,0,0,1,0,0,1,0,1,1,1,1,1,1,0,0,0,1,1,1,0,1,0,0,0,1,0,0,1,1,0,1,0,1,0,0,0,1,0,1,1,1,0,0,0,1,1,1,0,0,1,0,0,1,1,1,1,0,0,0,1,1,0,0,1,0,0,0,1,0,1,1,1
12 19 1,1,1,0,0,0,1,0,0,0,1,1,1,0,1,0,1,0,0,1,1,1,1,0,1,0,1,0,0,0,1,0,0,1,0,1,1,1,1,1,1,0,0,0,1,1,1,0,1,0,0,0,1,0,0,1,1,0,1,0,1,0,0,0,1,0,1,1,1,0,0,0,1,1,1,0,0,1,0,0,1,1,1,1,0,0,0,1,1,0,0,1,0,0,0,1,0,1,1,1
13 14 1,1,1,0,0,0,1,0,0,0,1,1,1,0,1,0,1,0,0,1,1,1,1,0,1,0,1,0,0,0,1,0,0,1,0,1,1,1,1,1,1,0,0,0,1,1,1,0,1,0,0,0,1,0,0,1,1,0,1,0,1,0,0,0,1,0,1,1,1,0,0,0,1,1,1,0,0,1,0,0,1,1,1,1,0,0,0,1,1,0,0,1,0,0,0,1,0,1,1,1
13 15 1,1,1,0,0,0,1,0,0,0,1,1,1,0,1,0,1,0,0,1,1,1,1,0,1,0,1,0,0,0,1,0,0,1,0,1,1,1,1,1,1,0,0,0,1,1,1,0,1,0,0,0,1,0,0,1,1,0,1,0,1,0,0,0,1,0,1,1,1,0,0,0,1,1,1,0,0,1,0,0,1,1,1,1,0,0,0,1,1,0,0,1,0,0,0,1,0,1,1,1
13 16 1,1,1,0,0,0,1,0,0,0,1,1,1,0,1,0,1,0,0,1,1,1,1,0,1,0,1,0,0,0,1,0,0,1,0,1,1,1,1,1,1,0,0,0,1,1,1,0,1,0,0,0,1,0,0,1,1,0,1,0,1,0,0,0,1,0,1,1,1,0,0,0,1,1,1,0,0,1,0,0,1,1,1,1,0,0,0,1,1,0,0,1,0,0,0,1,0,1,1,1
13 17 1,1,1,0,0,0,1,0,0,0,1,1,1,0,1,0,1,0,0,1,1,1,1,0,1,0,1,0,0,0,1,0,0,1,0,1,1,1,1,1,1,0,0,0,1,1,1,0,1,0,0,0,1,0,0,1,1,0,1,0,1,0,0,0,1,0,1,1,1,0,0,0,1,1,1,0,0,1,0,0,1,1,1,1,0,0,0,1,1,0,0,1,0,0,0,1,0,1,1,1
13 18 1,1,1,0,0,0,1,0,0,0,1,1,1,0,1,0,1,0,0,1,1,1,1,0,1,0,1,0,0,0,1,0,0,1,0,1,1,1,1,1,1,0,0,0,1,1,1,0,1,0,0,0,1,0,0,1,1,0,1,0,1,0,0,0,1,0,1,1,1,0,0,0,1,1,1,0,0,1,0,0,1,1,1,1,0,0,0,1,1,0,0,1,0,0,0,1,0,1,1,1
13 19 1,1,1,0,0,0,1,0,0,0,1,1,1,0,1,0,1,0,0,1,1,1,1,0,1,0,1,0,0,0,1,0,0,1,0,1,1,1,1,1,1,0,0,0,1,1,1,0,1,0,0,0,1,0,0,1,1,0,1,0,1,0,0,0,1,0,1,1,1,0,0,0,1,1,1,0,0,1,0,0,1,1,1,1,0,0,0,1,1,0,0,1,0,0,0,1,0,1,1,1
14 15 1,1,1,0,0,0,1,0,0,0,1,1,1,0,1,0,1,0,0,1,1,1,1,0,1,0,1,0,0,0,1,0,0,1,0,1,1,1,1,1,1,0,0,0,1,1,1,0,1,0,0,0,1,0,0,1,1,0,1,0,1,0,0,0,1,0,1,1,1,0,0,0,1,1,1,0,0,1,0,0,1,1,1,1,0,0,0,1,1,0,0,1,0,0,0,1,0,1,1,1
14 16 1,1,1,0,0,0,1,0,0,0,1,1,1,0,1,0,1,0,0,1,1,1,1,0,1,0,1,0,0,0,1,0,0,1,0,1,1,1,1,1,1,0,0,0,1,1,1,0,1,0,0,0,1,0,0,1,1,0,1,0,1,0,0,0,1,0,1,1,1,0,0,0,1,1,1,0,0,1,0,0,1,1,1,1,0,0,0,1,1,0,0,1,0,0,0,1,0,1,1,1
14 17 1,1,1,0,0,0,1,0,0,0,1,1,1,0,1,0,1,0,0,1,1,1,1,0,1,0,1,0,0,0,1,0,0,1,0,1,1,1,1,1,1,0,0,0,1,1,1,0,1,0,0,0,1,0,0,1,1,0,1,0,1,0,0,0,1,0,1,1,1,0,0,0,1,1,1,0,0,1,0,0,1,1,1,1,0,0,0,1,1,0,0,1,0,0,0,1,0,1,1,1
14 18 1,1,1,0,0,0,1,0,0,0,1,1,1,0,1,0,1,0,0,1,1,1,1,0,1,0,1,0,0,0,1,0,0,1,0,1,1,1,1,1,1,0,0,0,1,1,1,0,1,0,0,0,1,0,0,1,1,0,1,0,1,0,0,0,1,0,1,1,1,0,0,0,1,1,1,0,0,1,0,0,1,1,1,1,0,0,0,1,1,0,0,1,0,0,0,1,0,1,1,1
14 19 1,1,1,0,0,0,1,0,0,0,1,1,1,0,1,0,1,0,0,1,1,1,1,0,1,0,1,0,0,0,1,0,0,1,0,1,1,1,1,1,1,0,0,0,1,1,1,0,1,0,0,0,1,0,0,1,1,0,1,0,1,0,0,0,1,0,1,1,1,0,0,0,1,1,1,0,0,1,0,0,1,1,1,1,0,0,0,1,1,0,0,1,0,0,0,1,0,1,1,1
15 16 1,1,1,0,0,0,1,0,0,0,1,1,1,0,1,0,1,0,0,1,1,1,1,0,1,0,1,0,0,0,1,0,0,1,0,1,1,1,1,1,1,0,0,0,1,1,1,0,1,0,0,0,1,0,0,1,1,0,1,0,1,0,0,0,1,0,1,1,1,0,0,0,1,1,1,0,0,1,0,0,1,1,1,1,0,0,0,1,1,0,0,1,0,0,0,1,0,1,1,1
15 17 1,1,1,0,0,0,1,0,0,0,1,1,1,0,1,0,1,0,0,1,1,1,1,0,1,0,1,0,0,0,1,0,0,1,0,1,1,1,1,1,1,0,0,0,1,1,1,0,1,0,0,0,1,0,0,1,1,0,1,0,1,0,0,0,1,0,1,1,1,0,0,0,1,1,1,0,0,1,0,0,1,1,1,1,0,0,0,1,1,0,0,1,0,0,0,1,0,1,1,1
15 18 1,1,1,0,0,0,1,0,0,0,1,1,1,0,1,0,1,0,0,1,1,1,1,0,1,0,1,0,0,0,1,0,0,1,0,1,1,1,1,1,1,0,0,0,1,1,1,0,1,0,0,0,1,0,0,1,1,0,1,0,1,0,0,0,1,0,1,1,1,0,0,0,1,1,1,0,0,1,0,0,1,1,1,1,0,0,0,1,1,0,0,1,0,0,0,1,0,1,1,1
15 19 1,1,1,0,0,0,1,0,0,0,1,1,1,0,1,0,1,0,0,1,1,1,1,0,1,0,1,0,0,0,1,0,0,1,0,1,1,1,1,1,1,0,0,0,1,1,1,0,1,0,0,0,1,0,0,1,1,0,1,0,1,0,0,0,1,0,1,1,1,0,0,0,1,1,1,0,0,1,0,0,1,1,1,1,0,0,0,1,1,0,0,1,0,0,0,1,0,1,1,1
16 17 1,1,1,0,0,0,1,0,0,0,1,1,1,0,1,0,1,0,0,1,1,1,1,0,1,0,1,0,0,0,1,0,0,1,0,1,1,1,1,1,1,0,0,0,1,1,1,0,1,0,0,0,1,0,0,1,1,0,1,0,1,0,0,0,1,0,1,1,1,0,0,0,1,1,1,0,0,1,0,0,1,1,1,1,0,0,0,1,1,0,0,1,0,0,0,1,0,1,1,1
16 18 1,1,1,0,0,0,1,0,0,0,1,1,1,0,1,0,1,0,0,1,1,1,1,0,1,0,1,0,0,0,1,0,0,1,0,1,1,1,1,1,1,0,0,0,1,1,1,0,1,0,0,0,1,0,0,1,1,0,1,0,1,0,0,0,1,0,1,1,1,0,0,0,1,1,1,0,0,1,0,0,1,1,1,1,0,0,0,1,1,0,0,1,0,0,0,1,0,1,1,1
16 19 1,1,1,0,0,0,1,0,0,0,1,1,1,0,1,0,1,0,0,1,1,1,1,0,1,0,1,0,0,0,1,0,0,1,0,1,1,1,1,1,1,0,0,0,1,1,1,0,1,0,0,0,1,0,0,1,1,0,1,0,1,0,0,0,1,0,1,1,1,0,0,0,1,1,1,0,0,1,0,0,1,1,1,1,0,0,0,1,1,0,0,1,0,0,0,1,0,1,1,1
17 18 1,1,1,0,0,0,1,0,0,0,1,1,1,0,1,0,1,0,0,1,1,1,1,0,1,0,1,0,0,0,1,0,0,1,0,1,1,1,1,1,1,0,0,0,1,1,1,0,1,0,0,0,1,0,0,1,1,0,1,0,1,0,0,0,1,0,1,1,1,0,0,0,1,1,1,0,0,1,0,0,1,1,1,1,0,0,0,1,1,0,0,1,0,0,0,1,0,1,1,1
17 19 1,1,1,0,0,0,1,0,0,0,1,1,1,0,1,0,1,0,0,1,1,1,1,0,1,0,1,0,0,0,1,0,0,1,0,1,1,1,1,1,1,0,0,0,1,1,1,0,1,0,0,0,1,0,0,1,1,0,1,0,1,0,0,0,1,0,1,1,1,0,0,0,1,1,1,0,0,1,0,0,1,1,1,1,0,0,0,1,1,0,0,1,0,0,0,1,0,1,1,1
18 19 1,1,1,0,0,0,1,0,0,0,1,1,1,0,1,0,1,0,0,1,1,1,1,0,1,0,1,0,0,0,1,0,0,1,0,1,1,1,1,1,1,0,0,0,1,1,1,0,1,0,0,0,1,0,0,1,1,0,1,0,1,0,0,0,1,0,1,1,1,0,0,0,1,1,1,0,0,1,0,0,1,1,1,1,0,0,0,1,1,0,0,1,0,0,0,1,0,1,1,1
19 20 0,0,0,1,0,0,1,1,0,0,1,0,0,0,0,0,0,1,1,0,1,0,1,1,0,0,0,0,1,1,1,1,1,0,0,1,0,1,1,1,1,0,0,0,0,0,0,0,1,0,1,1,1,1,1,0,1,1,1,1,1,1,1,1,0,1,1,0,1,0,1,0,0,1,1,1,0,1,1,0,0,0,0,1,0,1,0,1,0,1,1,1,0,1,1,0,1,1,0,1
20 22 1,1,1,0,1,1,1,0,1,1,1,1,0,1,1,1,1,1,1,1,0,0,0,0,0,1,0,1,1,1,1,1,1,1,0,1,1,0,0,0,0,0,1,1,0,1,1,0,0,0,1,1,0,1,0,1,0,1,0,0,0,1,0,0,1,1,1,0,1,1,0,0,0,1,0,0,1,1,0,0,1,1,1,1,1,0,0,1,1,0,1,1,0,1,1,0,1,0,0,0
20 23 1,1,1,0,1,1,1,0,1,1,1,1,0,1,1,1,1,1,1,1,0,0,0,0,0,1,0,1,1,1,1,1,1,1,0,1,1,0,0,0,0,0,1,1,0,1,1,0,0,0,1,1,0,1,0,1,0,1,0,0,0,1,0,0,1,1,1,0,1,1,0,0,0,1,0,0,1,1,0,0,1,1,1,1,1,0,0,1,1,0,1,1,0,1,1,0,1,0,0,0
20 24 1,1,1,0,1,1,1,0,1,1,1,1,0,1,1,1,1,1,1,1,0,0,0,0,0,1,0,1,1,1,1,1,1,1,0,1,1,0,0,0,0,0,1,1,0,1,1,0,0,0,1,1,0,1,0,1,0,1,0,0,0,1,0,0,1,1,1,0,1,1,0,0,0,1,0,0,1,1,0,0,1,1,1,1,1,0,0,1,1,0,1,1,0,1,1,0,1,0,0,0
20 25 1,1,1,0,1,1,1,0,1,1,1,1,0,1,1,1,1,1,1,1,0,0,0,0,0,1,0,1,1,1,1,1,1,1,0,1,1,0,0,0,0,0,1,1,0,1,1,0,0,0,1,1,0,1,0,1,0,1,0,0,0,1,0,0,1,1,1,0,1,1,0,0,0,1,0,0,1,1,0,0,1,1,1,1,1,0,0,1,1,0,1,1,0,1,1,0,1,0,0,0
20 26 1,1,1,0,1,1,1,0,1,1,1,1,0,1,1,1,1,1,1,1,0,0,0,0,0,1,0,1,1,1,1,1,1,1,0,1,1,0,0,0,0,0,1,1,0,1,1,0,0,0,1,1,0,1,0,1,0,1,0,0,0,1,0,0,1,1,1,0,1,1,0,0,0,1,0,0,1,1,0,0,1,1,1,1,1,0,0,1,1,0,1,1,0,1,1,0,1,0,0,0
20 27 1,1,1,0,1,1,1,0,1,1,1,1,0,1,1,1,1,1,1,1,0,0,0,0,0,1,0,1,1,1,1,1,1,1,0,1,1,0,0,0,0,0,1,1,0,1,1,0,0,0,1,1,0,1,0,1,0,1,0,0,0,1,0,0,1,1,1,0,1,1,0,0,0,1,0,0,1,1,0,0,1,1,1,1,1,0,0,1,1,0,1,1,0,1,1,0,1,0,0,0
20 28 1,1,1,0,1,1,1,0,1,1,1,1,0,1,1,1,1,1,1,1,0,0,0,0,0,1,0,1,1,1,1,1,1,1,0,1,1,0,0,0,0,0,1,1,0,1,1,0,0,0,1,1,0,1,0,1,0,1,0,0,0,1,0,0,1,1,1,0,1,1,0,0,0,1,0,0,1,1,0,0,1,1,1,1,1,0,0,1,1,0,1,1,0,1,1,0,1,0,0,0
20 29 1,1,1,0,1,1,1,0,1,1,1,1,0,1,1,1,1,1,1,1,0,0,0,0,0,1,0,1,1,1,1,1,1,1,0,1,1,0,0,0,0,0,1,1,0,1,1,0,0,0,1,1,0,1,0,1,0,1,0,0,0,1,0,0,1,1,1,0,1,1,0,0,0,1,0,0,1,1,0,0,1,1,1,1,1,0,0,1,1,0,1,1,0,1,1,0,1,0,0,0
21 22 1,1,1,0,1,1,1,0,1,1,1,1,0,1,1,1,1,1,1,1,0,0,0,0,0,1,0,1,1,1,1,1,1,1,0,1,1,0,0,0,0,0,1,1,0,1,1,0,0,0,1,1,0,1,0,1,0,1,0,0,0,1,0,0,1,1,1,0,1,1,0,0,0,1,0,0,1,1,0,0,1,1,1,1,1,0,0,1,1,0,1,1,0,1,1,0,1,0,0,0
21 23 1,1,1,0,1,1,1,0,1,1,1,1,0,1,1,1,1,1,1,1,0,0,0,0,0,1,0,1,1,1,1,1,1,1,0,1,1,0,0,0,0,0,1,1,0,1,1,0,0,0,1,1,0,1,0,1,0,1,0,0,0,1,0,0,1,1,1,0,1,1,0,0,0,1,0,0,1,1,0,0,1,1,1,1,1,0,0,1,1,0,1,1,0,1,1,0,1,0,0,0
21 24 1,1,1,0,1,1,1,0,1,1,1,1,0,1,1,1,1,1,1,1,0,0,0,0,0,1,0,1,1,1,1,1,1,1,0,1,1,0,0,0,0,0,1,1,0,1,1,0,0,0,1,1,0,1,0,1,0,1,0,0,0,1,0,0,1,1,1,0,1,1,0,0,0,1,0,0,1,1,0,0,1,1,1,1,1,0,0,1,1,0,1,1,0,1,1,0,1,0,0,0
21 25 1,1,1,0,1,1,1,0,1,1,1,1,0,1,1,1,1,1,1,1,0,0,0,0,0,1,0,1,1,1,1,1,1,1,0,1,1,0,0,0,0,0,1,1,0,1,1,0,0,0,1,1,0,1,0,1,0,1,0,0,0,1,0,0,1,1,1,0,1,1,0,0,0,1,0,0,1,1,0,0,1,1,1,1,1,0,0,1,1,0,1,1,0,1,1,0,1,0,0,0
21 26 1,1,1,0,1,1,1,0,1,1,1,1,0,1,1,1,1,1,1,1,0,0,0,0,0,1,0,1,1,1,1,1,1,1,0,1,1,0,0,0,0,0,1,1,0,1,1,0,0,0,1,1,0,1,0,1,0,1,0,0,0,1,0,0,1,1,1,0,1,1,0,0,0,1,0,0,1,1,0,0,1,1,1,1,1,0,0,1,1,0,1,1,0,1,1,0,1,0,0,0
21 27 1,1,1,0,1,1,1,0,1,1,1,1,0,1,1,1,1,1,1,1,0,0,0,0,0,1,0,1,1,1,1,1,1,1,0,1,1,0,0,0,0,0,1,1,0,1,1,0,0,0,1,1,0,1,0,1,0,1,0,0,0,1,0,0,1,1,1,0,1,1,0,0,0,1,0,0,1,1,0,0,1,1,1,1,1,0,0,1,1,0,1,1,0,1,1,0,1,0,0,0
21 28 1,1,1,0,1,1,1,0,1,1,1,1,0,1,1,1,1,1,1,1,0,0,0,0,0,1,0,1,1,1,1,1,1,1,0,1,1,0,0,0,0,0,1,1,0,1,1,0,0,0,1,1,0,1,0,1,0,1,0,0,0,1,0,0,1,1,1,0,1,1,0,0,0,1,0,0,1,1,0,0,1,1,1,1,1,0,0,1,1,0,1,1,0,1,1,0,1,0,0,0
21 29 1,1,1,0,1,1,1,0,1,1,1,1,0,1,1,1,1,1,1,1,0,0,0,0,0,1,0,1,1,1,1,1,1,1,0,1,1,0,0,0,0,0,1,1,0,1,1,0,0,0,1,1,0,1,0,1,0,1,0,0,0,1,0,0,1,1,1,0,1,1,0,0,0,1,0,0,1,1,0,0,1,1,1,1,1,0,0,1,1,0,1,1,0,1,1,0,1,0,0,0
22 23 1,1,1,0,1,1,1,0,1,1,1,1,0,1,1,1,1,1,1,1,0,0,0,0,0,1,0,1,1,1,1,1,1,1,0,1,1,0,0,0,0,0,1,1,0,1,1,0,0,0,1,1,0,1,0,1,0,1,0,0,0,1,0,0,1,1,1,0,1,1,0,0,0,1,0,0,1,1,0,0,1,1,1,1,1,0,0,1,1,0,1,1,0,1,1,0,1,0,0,0
22 24 1,1,1,0,1,1,1,0,1,1,1,1,0,1,1,1,1,1,1,1,0,0,0,0,0,1,0,1,1,1,1,1,1,1,0,1,1,0,0,0,0,0,1,1,0,1,1,0,0,0,1,1,0,1,0,1,0,1,0,0,0,1,0,0,1,1,1,0,1,1,0,0,0,1,0,0,1,1,0,0,1,1,1,1,1,0,0,1,1,0,1,1,0,1,1,0,1,0,0,0
22 25 1,1,1,0,1,1,1,0,1,1,1,1,0,1,1,1,1,1,1,1,0,0,0,0,0,1,0,1,1,1,1,1,1,1,0,1,1,0,0,0,0,0,1,1,0,1,1,0,0,0,1,1,0,1,0,1,0,1,0,0,0,1,0,0,1,1,1,0,1,1,0,0,0,1,0,0,1,1,0,0,1,1,1,1,1,0,0,1,1,0,1,1,0,1,1,0,1,0,0,0
22 26 1,1,1,0,1,1,1,0,1,1,1,1,0,1,1,1,1,1,1,1,0,0,0,0,0,1,0,1,1,1,1,1,1,1,0,1,1,0,0,0,0,0,1,1,0,1,1,0,0,0,1,1,0,1,0,1,0,1,0,0,0,1,0,0,1,1,1,0,1,1,0,0,0,1,0,0,1,1,0,0,1,1,1,1,1,0,0,1,1,0,1,1,0,1,1,0,1,0,0,0
22 27 1,1,1,0,1,1,1,0,1,1,1,1,0,1,1,1,1,1,1,1,0,0,0,0,0,1,0,1,1,1,1,1,1,1,0,1,1,0,0,0,0,0,1,1,0,1,1,0,0,0,1,1,0,1,0,1,0,1,0,0,0,1,0,0,1,1,1,0,1,1,0,0,0,1,0,0,1,1,0,0,1,1,1,1,1,0,0,1,1,0,1,1,0,1,1,0,1,0,0,0
22 28 1,1,1,0,1,1,1,0,1,1,1,1,0,1,1,1,1,1,1,1,0,0,0,0,0,1,0,1,1,1,1,1,1,1,0,1,1,0,0,0,0,0,1,1,0,1,1,0,0,0,1,1,0,1,0,1,0,1,0,0,0,1,0,0,1,1,1,0,1,1,0,0,0,1,0,0,1,1,0,0,1,1,1,1,1,0,0,1,1,0,1,1,0,1,1,0,1,0,0,0
22 29 1,1,1,0,1,1,1,0,1,1,1,1,0,1,1,1,1,1,1,1,0,0,0,0,0,1,0,1,1,1,1,1,1,1,0,1,1,0,0,0,0,0,1,1,0,1,1,0,0,0,1,1,0,1,0,1,0,1,0,0,0,1,0,0,1,1,1,0,1,1,0,0,0,1,0,0,1,1,0,0,1,1,1,1,1,0,0,1,1,0,1,1,0,1,1,0,1,0,0,0
23 24 1,1,1,0,1,1,1,0,1,1,1,1,0,1,1,1,1,1,1,1,0,0,0,0,0,1,0,1,1,1,1,1,1,1,0,1,1,0,0,0,0,0,1,1,0,1,1,0,0,0,1,1,0,1,0,1,0,1,0,0,0,1,0,0,1,1,1,0,1,1,0,0,0,1,0,0,1,1,0,0,1,1,1,1,1,0,0,1,1,0,1,1,0,1,1,0,1,0,0,0
23 25 1,1,1,0,1,1,1,0,1,1,1,1,0,1,1,1,1,1,1,1,0,0,0,0,0,1,0,1,1,1,1,1,1,1,0,1,1,0,0,0,0,0,1,1,0,1,1,0,0,0,1,1,0,1,0,1,0,1,0,0,0,1,0,0,1,1,1,0,1,1,0,0,0,1,0,0,1,1,0,0,1,1,1,1,1,0,0,1,1,0,1,1,0,1,1,0,1,0,0,0
23 26 1,1,1,0,1,1,1,0,1,1,1,1,0,1,1,1,1,1,1,1,0,0,0,0,0,1,0,1,1,1,1,1,1,1,0,1,1,0,0,0,0,0,1,1,0,1,1,0,0,0,1,1,0,1,0,1,0,1,0,0,0,1,0,0,1,1,1,0,1,1,0,0,0,1,0,0,1,1,0,0,1,1,1,1,1,0,0,1,1,0,1,1,0,1,1,0,1,0,0,0
23 27 1,1,1,0,1,1,1,0,1,1,1,1,0,1,1,1,1,1,1,1,0,0,0,0,0,1,0,1,1,1,1,1,1,1,0,1,1,0,0,0,0,0,1,1,0,1,1,0,0,0,1,1,0,1,0,1,0,1,0,0,0,1,0,0,1,1,1,0,1,1,0,0,0,1,0,0,1,1,0,0,1,1,1,1,1,0,0,1,1,0,1,1,0,1,1,0,1,0,0,0
23 28 1,1,1,0,1,1,1,0,1,1,1,1,0,1,1,1,1,1,1,1,0,0,0,0,0,1,0,1,1,1,1,1,1,1,0,1,1,0,0,0,0,0,1,1,0,1,1,0,0,0,1,1,0,1,0,1,0,1,0,0,0,1,0,0,1,1,1,0,1,1,0,0,0,1,0,0,1,1,0,0,1,1,1,1,1,0,0,1,1,0,1,1,0,1,1,0,1,0,0,0
23 29 1,1,1,0,1,1,1,0,1,1,1,1,0,1,1,1,1,1,1,1,0,0,0,0,0,1,0,1,1,1,1,1,1,1,0,1,1,0,0,0,0,0,1,1,0,1,1,0,0,0,1,1,0,1,0,1,0,1,0,0,0,1,0,0,1,1,1,0,1,1,0,0,0,1,0,0,1,1,0,0,1,1,1,1,1,0,0,1,1,0,1,1,0,1,1,0,1,0,0,0
24 25 1,1,1,0,1,1,1,0,1,1,1,1,0,1,1,1,1,1,1,1,0,0,0,0,0,1,0,1,1,1,1,1,1,1,0,1,1,0,0,0,0,0,1,1,0,1,1,0,0,0,1,1,0,1,0,1,0,1,0,0,0,1,0,0,1,1,1,0,1,1,0,0,0,1,0,0,1,1,0,0,1,1,1,1,1,0,0,1,1,0,1,1,0,1,1,0,1,0,0,0
24 26 1,1,1,0,1,1,1,0,1,1,1,1,0,1,1,1,1,1,1,1,0,0,0,0,0,1,0,1,1,1,1,1,1,1,0,1,1,0,0,0,0,0,1,1,0,1,1,0,0,0,1,1,0,1,0,1,0,1,0,0,0,1,0,0,1,1,1,0,1,1,0,0,0,1,0,0,1,1,0,0,1,1,1,1,1,0,0,1,1,0,1,1,0,1,1,0,1,0,0,0
24 27 1,1,1,0,1,1,1,0,1,1,1,1,0,1,1,1,1,1,1,1,0,0,0,0,0,1,0,1,1,1,1,1,1,1,0,1,1,0,0,0,0,0,1,1,0,1,1,0,0,0,1,1,0,1,0,1,0,1,0,0,0,1,0,0,1,1,1,0,1,1,0,0,0,1,0,0,1,1,0,0,1,1,1,1,1,0,0,1,1,0,1,1,0,1,1,0,1,0,0,0
24 28 1,1,1,0,1,1,1,0,1,1,1,1,0,1,1,1,1,1,1,1,0,0,0,0,0,1,0,1,1,1,1,1,1,1,0,1,1,0,0,0,0,0,1,1,0,1,1,0,0,0,1,1,0,1,0,1,0,1,0,0,0,1,0,0,1,1,1,0,1,1,0,0,0,1,0,0,1,1,0,0,1,1,1,1,1,0,0,1,1,0,1,1,0,1,1,0,1,0,0,0
24 29 1,1,1,0,1,1,1,0,1,1,1,1,0,1,1,1,1,1,1,1,0,0,0,0,0,1,0,1,1,1,1,1,1,1,0,1,1,0,0,0,0,0,1,1,0,1,1,0,0,0,1,1,0,1,0,1,0,1,0,0,0,1,0,0,1,1,1,0,1,1,0,0,0,1,0,0,1,1,0,0,1,1,1,1,1,0,0,1,1,0,1,1,0,1,1,0,1,0,0,0
25 26 1,1,1,0,1,1,1,0,1,1,1,1,0,1,1,1,1,1,1,1,0,0,0,0,0,1,0,1,1,1,1,1,1,1,0,1,1,0,0,0,0,0,1,1,0,1,1,0,0,0,1,1,0,1,0,1,0,1,0,0,0,1,0,0,1,1,1,0,1,1,0,0,0,1,0,0,1,1,0,0,1,1,1,1,1,0,0,1,1,0,1,1,0,1,1,0,1,0,0,0
25 27 1,1,1,0,1,1,1,0,1,1,1,1,0,1,1,1,1,1,1,1,0,0,0,0,0,1,0,1,1,1,1,1,1,1,0,1,1,0,0,0,0,0,1,1,0,1,1,0,0,0,1,1,0,1,0,1,0,1,0,0,0,1,0,0,1,1,1,0,1,1,0,0,0,1,0,0,1,1,0,0,1,1,1,1,1,0,0,1,1,0,1,1,0,1,1,0,1,0,0,0
25 28 1,1,1,0,1,1,1,0,1,1,1,1,0,1,1,1,1,1,1,1,0,0,0,0,0,1,0,1,1,1,1,1,1,1,0,1,1,0,0,0,0,0,1,1,0,1,1,0,0,0,1,1,0,1,0,1,0,1,0,0,0,1,0,0,1,1,1,0,1,1,0,0,0,1,0,0,1,1,0,0,1,1,1,1,1,0,0,1,1,0,1,1,0,1,1,0,1,0,0,0
25 29 1,1,1,0,1,1,1,0,1,1,1,1,0,1,1,1,1,1,1,1,0,0,0,0,0,1,0,1,1,1,1,1,1,1,0,1,1,0,0,0,0,0,1,1,0,1,1,0,0,0,1,1,0,1,0,1,0,1,0,0,0,1,0,0,1,1,1,0,1,1,0,0,0,1,0,0,1,1,0,0,1,1,1,1,1,0,0,1,1,0,1,1,0,1,1,0,1,0,0,0
26 27 1,1,1,0,1,1,1,0,1,1,1,1,0,1,1,1,1,1,1,1,0,0,0,0,0,1,0,1,1,1,1,1,1,1,0,1,1,0,0,0,0,0,1,1,0,1,1,0,0,0,1,1,0,1,0,1,0,1,0,0,0,1,0,0,1,1,1,0,1,1,0,0,0,1,0,0,1,1,0,0,1,1,1,1,1,0,0,1,1,0,1,1,0,1,1,0,1,0,0,0
26 28 1,1,1,0,1,1,1,0,1,1,1,1,0,1,1,1,1,1,1,1,0,0,0,0,0,1,0,1,1,1,1,1,1,1,0,1,1,0,0,0,0,0,1,1,0,1,1,0,0,0,1,1,0,1,0,1,0,1,0,0,0,1,0,0,1,1,1,0,1,1,0,0,0,1,0,0,1,1,0,0,1,1,1,1,1,0,0,1,1,0,1,1,0,1,1,0,1,0,0,0
26 29 1,1,1,0,1,1,1,0,1,1,1,1,0,1,1,1,1,1,1,1,0,0,0,0,0,1,0,1,1,1,1,1,1,1,0,1,1,0,0,0,0,0,1,1,0,1,1,0,0,0,1,1,0,1,0,1,0,1,0,0,0,1,0,0,1,1,1,0,1,1,0,0,0,1,0,0,1,1,0,0,1,1,1,1,1,0,0,1,1,0,1,1,0,1,1,0,1,0,0,0
27 28 1,1,1,0,1,1,1,0,1,1,1,1,0,1,1,1,1,1,1,1,0,0,0,0,0,1,0,1,1,1,1,1,1,1,0,1,1,0,0,0,0,0,1,1,0,1,1,0,0,0,1,1,0,1,0,1,0,1,0,0,0,1,0,0,1,1,1,0,1,1,0,0,0,1,0,0,1,1,0,0,1,1,1,1,1,0,0,1,1,0,1,1,0,1,1,0,1,0,0,0
27 29 1,1,1,0,1,1,1,0,1,1,1,1,0,1,1,1,1,1,1,1,0,0,0,0,0,1,0,1,1,1,1,1,1,1,0,1,1,0,0,0,0,0,1,1,0,1,1,0,0,0,1,1,0,1,0,1,0,1,0,0,0,1,0,0,1,1,1,0,1,1,0,0,0,1,0,0,1,1,0,0,1,1,1,1,1,0,0,1,1,0,1,1,0,1,1,0,1,0,0,0
28 29 1,1,1,0,1,1,1,0,1,1,1,1,0,1,1,1,1,1,1,1,0,0,0,0,0,1,0,1,1,1,1,1,1,1,0,1,1,0,0,0,0,0,1,1,0,1,1,0,0,0,1,1,0,1,0,1,0,1,0,0,0,1,0,0,1,1,1,0,1,1,0,0,0,1,0,0,1,1,0,0,1,1,1,1,1,0,0,1,1,0,1,1,0,1,1,0,1,0,0,0
29 30 1,0,1,1,0,0,0,0,1,0,0,1,1,0,1,0,0,1,1,0,1,0,1,0,1,1,1,0,0,1,0,0,0,0,0,1,0,0,0,1,0,0,0,0,0,1,1,1,0,1,1,1,0,1,0,0,1,0,0,1,1,1,0,1,1,0,0,0,1,1,0,1,0,1,0,0,1,0,0,0,1,1,0,0,1,1,1,0,1,0,0,1,0,0,1,0,1,0,0,1
30 32 0,0,0,1,0,1,1,0,1,0,0,1,0,0,0,1,1,1,1,1,1,1,0,0,1,0,1,1,1,1,1,1,1,1,1,1,0,1,1,1,1,1,0,1,1,1,0,1,0,1,1,1,0,1,0,1,1,0,1,1,0,0,1,1,0,1,1,1,0,0,1,0,1,1,1,1,0,1,0,1,1,0,1,0,0,0,0,0,1,1,1,0,0,0,0,1,1,0,1,1
30 33 0,0,0,1,0,1,1,0,1,0,0,1,0,0,0,1,1,1,1,1,1,1,0,0,1,0,1,1,1,1,1,1,1,1,1,1,0,1,1,1,1,1,0,1,1,1,0,1,0,1,1,1,0,1,0,1,1,0,1,1,0,0,1,1,0,1,1,1,0,0,1,0,1,1,1,1,0,1,0,1,1,0,1,0,0,0,0,0,1,1,1,0,0,0,0,1,1,0,1,1
30 34 0,0,0,1,0,1,1,0,1,0,0,1,0,0,0,1,1,1,1,1,1,1,0,0,1,0,1,1,1,1,1,1,1,1,1,1,0,1,1,1,1,1,0,1,1,1,0,1,0,1,1,1,0,1,0,1,1,0,1,1,0,0,1,1,0,1,1,1,0,0,1,0,1,1,1,1,0,1,0,1,1,0,1,0,0,0,0,0,1,1,1,0,0,0,0,1,1,0,1,1
30 35 0,0,0,1,0,1,1,0,1,0,0,1,0,0,0,1,1,1,1,1,1,1,0,0,1,0,1,1,1,1,1,1,1,1,1,1,0,1,1,1,1,1,0,1,1,1,0,1,0,1,1,1,0,1,0,1,1,0,1,1,0,0,1,1,0,1,1,1,0,0,1,0,1,1,1,1,0,1,0,1,1,0,1,0,0,0,0,0,1,1,1,0,0,0,0,1,1,0,1,1
30 36 0,0,0,1,0,1,1,0,1,0,0,1,0,0,0,1,1,1,1,1,1,1,0,0,1,0,1,1,1,1,1,1,1,1,1,1,0,1,1,1,1,1,0,1,1,1,0,1,0,1,1,1,0,1,0,1,1,0,1,1,0,0,1,1,0,1,1,1,0,0,1,0,1,1,1,1,0,1,0,1,1,0,1,0,0,0,0,0,1,1,1,0,0,0,0,1,1,0,1,1
30 37 0,0,0,1,0,1,1,0,1,0,0,1,0,0,0,1,1,1,1,1,1,1,0,0,1,0,1,1,1,1,1,1,1,1,1,1,0,1,1,1,1,1,0,1,1,1,0,1,0,1,1,1,0,1,0,1,1,0,1,1,0,0,1,1,0,1,1,1,0,0,1,0,1,1,1,1,0,1,0,1,1,0,1,0,0,0,0,0,1,1,1,0,0,0,0,1,1,0,1,1
30 38 0,0,0,1,0,1,1,0,1,0,0,1,0,0,0,1,1,1,1,1,1,1,0,0,1,0,1,1,1,1,1,1,1,1,1,1,0,1,1,1,1,1,0,1,1,1,0,1,0,1,1,1,0,1,0,1,1,0,1,1,0,0,1,1,0,1,1,1,0,0,1,0,1,1,1,1,0,1,0,1,1,0,1,0,0,0,0,0,1,1,1,0,0,0,0,1,1,0,1,1
30 39 0,0,0,1,0,1,1,0,1,0,0,1,0,0,0,1,1,1,1,1,1,1,0,0,1,0,1,1,1,1,1,1,1,1,1,1,0,1,1,1,1,1,0,1,1,1,0,1,0,1,1,1,0,1,0,1,1,0,1,1,0,0,1,1,0,1,1,1,0,0,1,0,1,1,1,1,0,1,0,1,1,0,1,0,0,0,0,0,1,1,1,0,0,0,0,1,1,0,1,1
31 32 0,0,0,1,0,1,1,0,1,0,0,1,0,0,0,1,1,1,1,1,1,1,0,0,1,0,1,1,1,1,1,1,1,1,1,1,0,1,1,1,1,1,0,1,1,1,0,1,0,1,1,1,0,1,0,1,1,0,1,1,0,0,1,1,0,1,1,1,0,0,1,0,1,1,1,1,0,1,0,1,1,0,1,0,0,0,0,0,1,1,1,0,0,0,0,1,1,0,1,1
31 33 0,0,0,1,0,1,1,0,1,0,0,1,0,0,0,1,1,1,1,1,1,1,0,0,1,0,1,1,1,1,1,1,1,1,1,1,0,1,1,1,1,1,0,1,1,1,0,1,0,1,1,1,0,1,0,1,1,0,1,1,0,0,1,1,0,1,1,1,0,0,1,0,1,1,1,1,0,1,0,1,1,0,1,0,0,0,0,0,1,1,1,0,0,0,0,1,1,0,1,1
31 34 0,0,0,1,0,1,1,0,1,0,0,1,0,0,0,1,1,1,1,1,1,1,0,0,1,0,1,1,1,1,1,1,1,1,1,1,0,1,1,1,1,1,0,1,1,1,0,1,0,1,1,1,0,1,0,1,1,0,1,1,0,0,1,1,0,1,1,1,0,0,1,0,1,1,1,1,0,1,0,1,1,0,1,0,0,0,0,0,1,1,1,0,0,0,0,1,1,0,1,1
31 35 0,0,0,1,0,1,1,0,1,0,0,1,0,0,0,1,1,1,1,1,1,1,0,0,1,0,1,1,1,1,1,1,1,1,1,1,0,1,1,1,1,1,0,1,1,1,0,1,0,1,1,1,0,1,0,1,1,0,1,1,0,0,1,1,0,1,1,1,0,0,1,0,1,1,1,1,0,1,0,1,1,0,1,0,0,0,0,0,1,1,1,0,0,0,0,1,1,0,1,1
31 36 0,0,0,1,0,1,1,0,1,0,0,1,0,0,0,1,1,1,1,1,1,1,0,0,1,0,1,1,1,1,1,1,1,1,1,1,0,1,1,1,1,1,0,1,1,1,0,1,0,1,1,1,0,1,0,1,1,0,1,1,0,0,1,1,0,1,1,1,0,0,1,0,1,1,1,1,0,1,0,1,1,0,1,0,0,0,0,0,1,1,1,0,0,0,0,1,1,0,1,1
31 37 0,0,0,1,0,1,1,0,1,0,0,1,0,0,0,1,1,1,1,1,1,1,0,0,1,0,1,1,1,1,1,1,1,1,1,1,0,1,1,1,1,1,0,1,1,1,0,1,0,1,1,1,0,1,0,1,1,0,1,1,0,0,1,1,0,1,1,1,0,0,1,0,1,1,1,1,0,1,0,1,1,0,1,0,0,0,0,0,1,1,1,0,0,0,0,1,1,0,1,1
31 38 0,0,0,1,0,1,1,0,1,0,0,1,0,0,0,1,1,1,1,1,1,1,0,0,1,0,1,1,1,1,1,1,1,1,1,1,0,1,1,1,1,1,0,1,1,1,0,1,0,1,1,1,0,1,0,1,1,0,1,1,0,0,1,1,0,1,1,1,0,0,1,0,1,1,1,1,0,1,0,1,1,0,1,0,0,0,0,0,1,1,1,0,0,0,0,1,1,0,1,1
31 39 0,0,0,1,0,1,1,0,1,0,0,1,0,0,0,1,1,1,1,1,1,1,0,0,1,0,1,1,1,1,1,1,1,1,1,1,0,1,1,1,1,1,0,1,1,1,0,1,0,1,1,1,0,1,0,1,1,0,1,1,0,0,1,1,0,1,1,1,0,0,1,0,1,1,1,1,0,1,0,1,1,0,1,0,0,0,0,0,1,1,1,0,0,0,0,1,1,0,1,1
32 33 0,0,0,1,0,1,1,0,1,0,0,1,0,0,0,1,1,1,1,1,1,1,0,0,1,0,1,1,1,1,1,1,1,1,1,1,0,1,1,1,1,1,0,1,1,1,0,1,0,1,1,1,0,1,0,1,1,0,1,1,0,0,1,1,0,1,1,1,0,0,1,0,1,1,1,1,0,1,0,1,1,0,1,0,0,0,0,0,1,1,1,0,0,0,0,1,1,0,1,1
32 34 0,0,0,1,0,1,1,0,1,0,0,1,0,0,0,1,1,1,1,1,1,1,0,0,1,0,1,1,1,1,1,1,1,1,1,1,0,1,1,1,1,1,0,1,1,1,0,1,0,1,1,1,0,1,0,1,1,0,1,1,0,0,1,1,0,1,1,1,0,0,1,0,1,1,1,1,0,1,0,1,1,0,1,0,0,0,0,0,1,1,1,0,0,0,0,1,1,0,1,1
32 35 0,0,0,1,0,1,1,0,1,0,0,1,0,0,0,1,1,1,1,1,1,1,0,0,1,0,1,1,1,1,1,1,1,1,1,1,0,1,1,1,1,1,0,1,1,1,0,1,0,1,1,1,0,1,0,1,1,0,1,1,0,0,1,1,0,1,1,1,0,0,1,0,1,1,1,1,0,1,0,1,1,0,1,0,0,0,0,0,1,1,1,0,0,0,0,1,1,0,1,1
32 36 0,0,0,1,0,1,1,0,1,0,0,1,0,0,0,1,1,1,1,1,1,1,0,0,1,0,1,1,1,1,1,1,1,1,1,1,0,1,1,1,1,1,0,1,1,1,0,1,0,1,1,1,0,1,0,1,1,0,1,1,0,0,1,1,0,1,1,1,0,0,1,0,1,1,1,1,0,1,0,1,1,0,1,0,0,0,0,0,1,1,1,0,0,0,0,1,1,0,1,1
32 37 0,0,0,1,0,1,1,0,1,0,0,1,0,0,0,1,1,1,1,1,1,1,0,0,1,0,1,1,1,1,1,1,1,1,1,1,0,1,1,1,1,1,0,1,1,1,0,1,0,1,1,1,0,1,0,1,1,0,1,1,0,0,1,1,0,1,1,1,0,0,1,0,1,1,1,1,0,1,0,1,1,0,1,0,0,0,0,0,1,1,1,0,0,0,0,1,1,0,1,1
32 38 0,0,0,1,0,1,1,0,1,0,0,1,0,0,0,1,1,1,1,1,1,1,0,0,1,0,1,1,1,1,1,1,1,1,1,1,0,1,1,1,1,1,0,1,1,1,0,1,0,1,1,1,0,1,0,1,1,0,1,1,0,0,1,1,0,1,1,1,0,0,1,0,1,1,1,1,0,1,0,1,1,0,1,0,0,0,0,0,1,1,1,0,0,0,0,1,1,0,1,1
32 39 0,0,0,1,0,1,1,0,1,0,0,1,0,0,0,1,1,1,1,1,1,1,0,0,1,0,1,1,1,1,1,1,1,1,1,1,0,1,1,1,1,1,0,1,1,1,0,1,0,1,1,1,0,1,0,1,1,0,1,1,0,0,1,1,0,1,1,1,0,0,1,0,1,1,1,1,0,1,0,1,1,0,1,0,0,0,0,0,1,1,1,0,0,0,0,1,1,0,1,1
33 34 0,0,0,1,0,1,1,0,1,0,0,1,0,0,0,1,1,1,1,1,1,1,0,0,1,0,1,1,1,1,1,1,1,1,1,1,0,1,1,1,1,1,0,1,1,1,0,1,0,1,1,1,0,1,0,1,1,0,1,1,0,0,1,1,0,1,1,1,0,0,1,0,1,1,1,1,0,1,0,1,1,0,1,0,0,0,0,0,1,1,1,0,0,0,0,1,1,0,1,1
33 35 0,0,0,1,0,1,1,0,1,0,0,1,0,0,0,1,1,1,1,1,1,1,0,0,1,0,1,1,1,1,1,1,1,1,1,1,0,1,1,1,1,1,0,1,1,1,0,1,0,1,1,1,0,1,0,1,1,0,1,1,0,0,1,1,0,1,1,1,0,0,1,0,1,1,1,1,0,1,0,1,1,0,1,0,0,0,0,0,1,1,1,0,0,0,0,1,1,0,1,1
33 36 0,0,0,1,0,1,1,0,1,0,0,1,0,0,0,1,1,1,1,1,1,1,0,0,1,0,1,1,1,1,1,1,1,1,1,1,0,1,1,1,1,1,0,1,1,1,0,1,0,1,1,1,0,1,0,1,1,0,1,1,0,0,1,1,0,1,1,1,0,0,1,0,1,1,1,1,0,1,0,1,1,0,1,0,0,0,0,0,1,1,1,0,0,0,0,1,1,0,1,1
33 37 0,0,0,1,0,1,1,0,1,0,0,1,0,0,0,1,1,1,1,1,1,1,0,0,1,0,1,1,1,1,1,1,1,1,1,1,0,1,1,1,1,1,0,1,1,1,0,1,0,1,1,1,0,1,0,1,1,0,1,1,0,0,1,1,0,1,1,1,0,0,1,0,1,1,1,1,0,1,0,1,1,0,1,0,0,0,0,0,1,1,1,0,0,0,0,1,1,0,1,1
33 38 0,0,0,1,0,1,1,0,1,0,0,1,0,0,0,1,1,1,1,1,1,1,0,0,1,0,1,1,1,1,1,1,1,1,1,1,0,1,1,1,1,1,0,1,1,1,0,1,0,1,1,1,0,1,0,1,1,0,1,1,0,0,1,1,0,1,1,1,0,0,1,0,1,1,1,1,0,1,0,1,1,0,1,0,0,0,0,0,1,1,1,0,0,0,0,1,1,0,1,1
33 39 0,0,0,1,0,1,1,0,1,0,0,1,0,0,0,1,1,1,1,1,1,1,0,0,1,0,1,1,1,1,1,1,1,1,1,1,0,1,1,1,1,1,0,1,1,1,0,1,0,1,1,1,0,1,0,1,1,0,1,1,0,0,1,1,0,1,1,1,0,0,1,0,1,1,1,1,0,1,0,1,1,0,1,0,0,0,0,0,1,1,1,0,0,0,0,1,1,0,1,1
34 35 0,0,0,1,0,1,1,0,1,0,0,1,0,0,0,1,1,1,1,1,1,1,0,0,1,0,1,1,1,1,1,1,1,1,1,1,0,1,1,1,1,1,0,1,1,1,0,1,0,1,1,1,0,1,0,1,1,0,1,1,0,0,1,1,0,1,1,1,0,0,1,0,1,1,1,1,0,1,0,1,1,0,1,0,0,0,0,0,1,1,1,0,0,0,0,1,1,0,1,1
34 36 0,0,0,1,0,1,1,0,1,0,0,1,0,0,0,1,1,1,1,1,1,1,0,0,1,0,1,1,1,1,1,1,1,1,1,1,0,1,1,1,1,1,0,1,1,1,0,1,0,1,1,1,0,1,0,1,1,0,1,1,0,0,1,1,0,1,1,1,0,0,1,0,1,1,1,1,0,1,0,1,1,0,1,0,0,0,0,0,1,1,1,0,0,0,0,1,1,0,1,1
34 37 0,0,0,1,0,1,1,0,1,0,0,1,0,0,0,1,1,1,1,1,1,1,0,0,1,0,1,1,1,1,1,1,1,1,1,1,0,1,1,1,1,1,0,1,1,1,0,1,0,1,1,1,0,1,0,1,1,0,1,1,0,0,1,1,0,1,1,1,0,0,1,0,1,1,1,1,0,1,0,1,1,0,1,0,0,0,0,0,1,1,1,0,0,0,0,1,1,0,1,1
34 38 0,0,0,1,0,1,1,0,1,0,0,1,0,0,0,1,1,1,1,1,1,1,0,0,1,0,1,1,1,1,1,1,1,1,1,1,0,1,1,1,1,1,0,1,1,1,0,1,0,1,1,1,0,1,0,1,1,0,1,1,0,0,1,1,0,1,1,1,0,0,1,0,1,1,1,1,0,1,0,1,1,0,1,0,0,0,0,0,1,1,1,0,0,0,0,1,1,0,1,1
34 39 0,0,0,1,0,1,1,0,1,0,0,1,0,0,0,1,1,1,1,1,1,1,0,0,1,0,1,1,1,1,1,1,1,1,1,1,0,1,1,1,1,1,0,1,1,1,0,1,0,1,1,1,0,1,0,1,1,0,1,1,0,0,1,1,0,1,1,1,0,0,1,0,1,1,1,1,0,1,0,1,1,0,1,0,0,0,0,0,1,1,1,0,0,0,0,1,1,0,1,1
35 36 0,0,0,1,0,1,1,0,1,0,0,1,0,0,0,1,1,1,1,1,1,1,0,0,1,0,1,1,1,1,1,1,1,1,1,1,0,1,1,1,1,1,0,1,1,1,0,1,0,1,1,1,0,1,0,1,1,0,1,1,0,0,1,1,0,1,1,1,0,0,1,0,1,1,1,1,0,1,0,1,1,0,1,0,0,0,0,0,1,1,1,0,0,0,0,1,1,0,1,1
35 37 0,0,0,1,0,1,1,0,1,0,0,1,0,0,0,1,1,1,1,1,1,1,0,0,1,0,1,1,1,1,1,1,1,1,1,1,0,1,1,1,1,1,0,1,1,1,0,1,0,1,1,1,0,1,0,1,1,0,1,1,0,0,1,1,0,1,1,1,0,0,1,0,1,1,1,1,0,1,0,1,1,0,1,0,0,0,0,0,1,1,1,0,0,0,0,1,1,0,1,1
35 38 0,0,0,1,0,1,1,0,1,0,0,1,0,0,0,1,1,1,1,1,1,1,0,0,1,0,1,1,1,1,1,1,1,1,1,1,0,1,1,1,1,1,0,1,1,1,0,1,0,1,1,1,0,1,0,1,1,0,1,1,0,0,1,1,0,1,1,1,0,0,1,0,1,1,1,1,0,1,0,1,1,0,1,0,0,0,0,0,1,1,1,0,0,0,0,1,1,0,1,1
35 39 0,0,0,1,0,1,1,0,1,0,0,1,0,0,0,1,1,1,1,1,1,1,0,0,1,0,1,1,1,1,1,1,1,1,1,1,0,1,1,1,1,1,0,1,1,1,0,1,0,1,1,1,0,1,0,1,1,0,1,1,0,0,1,1,0,1,1,1,0,0,1,0,1,1,1,1,0,1,0,1,1,0,1,0,0,0,0,0,1,1,1,0,0,0,0,1,1,0,1,1
36 37 0,0,0,1,0,1,1,0,1,0,0,1,0,0,0,1,1,1,1,1,1,1,0,0,1,0,1,1,1,1,1,1,1,1,1,1,0,1,1,1,1,1,0,1,1,1,0,1,0,1,1,1,0,1,0,1,1,0,1,1,0,0,1,1,0,1,1,1,0,0,1,0,1,1,1,1,0,1,0,1,1,0,1,0,0,0,0,0,1,1,1,0,0,0,0,1,1,0,1,1
36 38 0,0,0,1,0,1,1,0,1,0,0,1,0,0,0,1,1,1,1,1,1,1,0,0,1,0,1,1,1,1,1,1,1,1,1,1,0,1,1,1,1,1,0,1,1,1,0,1,0,1,1,1,0,1,0,1,1,0,1,1,0,0,1,1,0,1,1,1,0,0,1,0,1,1,1,1,0,1,0,1,1,0,1,0,0,0,0,0,1,1,1,0,0,0,0,1,1,0,1,1
36 39 0,0,0,1,0,1,1,0,1,0,0,1,0,0,0,1,1,1,1,1,1,1,0,0,1,0,1,1,1,1,1,1,1,1,1,1,0,1,1,1,1,1,0,1,1,1,0,1,0,1,1,1,0,1,0,1,1,0,1,1,0,0,1,1,0,1,1,1,0,0,1,0,1,1,1,1,0,1,0,1,1,0,1,0,0,0,0,0,1,1,1,0,0,0,0,1,1,0,1,1
37 38 0,0,0,1,0,1,1,0,1,0,0,1,0,0,0,1,1,1,1,1,1,1,0,0,1,0,1,1,1,1,1,1,1,1,1,1,0,1,1,1,1,1,0,1,1,1,0,1,0,1,1,1,0,1,0,1,1,0,1,1,0,0,1,1,0,1,1,1,0,0,1,0,1,1,1,1,0,1,0,1,1,0,1,0,0,0,0,0,1,1,1,0,0,0,0,1,1,0,1,1
37 39 0,0,0,1,0,1,1,0,1,0,0,1,0,0,0,1,1,1,1,1,1,1,0,0,1,0,1,1,1,1,1,1,1,1,1,1,0,1,1,1,1,1,0,1,1,1,0,1,0,1,1,1,0,1,0,1,1,0,1,1,0,0,1,1,0,1,1,1,0,0,1,0,1,1,1,1,0,1,0,1,1,0,1,0,0,0,0,0,1,1,1,0,0,0,0,1,1,0,1,1
38 39 0,0,0,1,0,1,1,0,1,0,0,1,0,0,0,1,1,1,1,1,1,1,0,0,1,0,1,1,1,1,1,1,1,1,1,1,0,1,1,1,1,1,0,1,1,1,0,1,0,1,1,1,0,1,0,1,1,0,1,1,0,0,1,1,0,1,1,1,0,0,1,0,1,1,1,1,0,1,0,1,1,0,1,0,0,0,0,0,1,1,1,0,0,0,0,1,1,0,1,1
39 40 1,0,1,1,0,0,0,1,1,0,1,1,0,1,1,0,1,0,0,0,1,0,1,1,1,0,1,0,1,1,0,0,1,0,1,1,0,1,1,1,0,0,0,0,0,0,1,0,0,0,1,1,0,1,1,0,0,1,1,0,0,0,1,1,1,1,1,1,1,1,1,1,0,1,0,0,0,1,0,0,0,1,0,0,0,1,1,0,1,0,1,1,0,1,0,0,1,0,0,0
40 42 1,0,0,0,1,0,0,1,1,1,1,1,1,0,0,1,0,0,0,0,0,0,1,0,1,1,0,0,0,0,1,1,0,0,1,0,1,0,1,1,0,0,1,1,0,0,0,1,1,0,1,0,0,0,1,1,1,1,0,0,0,1,0,1,1,0,1,1,1,1,0,0,1,1,1,0,1,1,0,1,0,0,1,1,0,1,1,0,1,0,1,1,1,1,0,1,0,0,1,1
40 43 1,0,0,0,1,0,0,1,1,1,1,1,1,0,0,1,0,0,0,0,0,0,1,0,1,1,0,0,0,0,1,1,0,0,1,0,1,0,1,1,0,0,1,1,0,0,0,1,1,0,1,0,0,0,1,1,1,1,0,0,0,1,0,1,1,0,1,1,1,1,0,0,1,1,1,0,1,1,0,1,0,0,1,1,0,1,1,0,1,0,1,1,1,1,0,1,0,0,1,1
40 44 1,0,0,0,1,0,0,1,1,1,1,1,1,0,0,1,0,0,0,0,0,0,1,0,1,1,0,0,0,0,1,1,0,0,1,0,1,0,1,1,0,0,1,1,0,0,0,1,1,0,1,0,0,0,1,1,1,1,0,0,0,1,0,1,1,0,1,1,1,1,0,0,1,1,1,0,1,1,0,1,0,0,1,1,0,1,1,0,1,0,1,1,1,1,0,1,0,0,1,1
40 45 1,0,0,0,1,0,0,1,1,1,1,1,1,0,0,1,0,0,0,0,0,0,1,0,1,1,0,0,0,0,1,1,0,0,1,0,1,0,1,1,0,0,1,1,0,0,0,1,1,0,1,0,0,0,1,1,1,1,0,0,0,1,0,1,1,0,1,1,1,1,0,0,1,1,1,0,1,1,0,1,0,0,1,1,0,1,1,0,1,0,1,1,1,1,0,1,0,0,1,1
40 46 1,0,0,0,1,0,0,1,1,1,1,1,1,0,0,1,0,0,0,0,0,0,1,0,1,1,0,0,0,0,1,1,0,0,1,0,1,0,1,1,0,0,1,1,0,0,0,1,1,0,1,0,0,0,1,1,1,1,0,0,0,1,0,1,1,0,1,1,1,1,0,0,1,1,1,0,1,1,0,1,0,0,1,1,0,1,1,0,1,0,1,1,1,1,0,1,0,0,1,1
40 47 1,0,0,0,1,0,0,1,1,1,1,1,1,0,0,1,0,0,0,0,0,0,1,0,1,1,0,0,0,0,1,1,0,0,1,0,1,0,1,1,0,0,1,1,0,0,0,1,1,0,1,0,0,0,1,1,1,1,0,0,0,1,0,1,1,0,1,1,1,1,0,0,1,1,1,0,1,1,0,1,0,0,1,1,0,1,1,0,1,0,1,1,1,1,0,1,0,0,1,1
40 48 1,0,0,0,1,0,0,1,1,1,1,1,1,0,0,1,0,0,0,0,0,0,1,0,1,1,0,0,0,0,1,1,0,0,1,0,1,0,1,1,0,0,1,1,0,0,0,1,1,0,1,0,0,0,1,1,1,1,0,0,0,1,0,1,1,0,1,1,1,1,0,0,1,1,1,0,1,1,0,1,0,0,1,1,0,1,1,0,1,0,1,1,1,1,0,1,0,0,1,1
40 49 1,0,0,0,1,0,0,1,1,1,1,1,1,0,0,1,0,0,0,0,0,0,1,0,1,1,0,0,0,0,1,1,0,0,1,0,1,0,1,1,0,0,1,1,0,0,0,1,1,0,1,0,0,0,1,1,1,1,0,0,0,1,0,1,1,0,1,1,1,1,0,0,1,1,1,0,1,1,0,1,0,0,1,1,0,1,1,0,1,0,1,1,1,1,0,1,0,0,1,1
41 42 1,0,0,0,1,0,0,1,1,1,1,1,1,0,0,1,0,0,0,0,0,0,1,0,1,1,0,0,0,0,1,1,0,0,1,0,1,0,1,1,0,0,1,1,0,0,0,1,1,0,1,0,0,0,1,1,1,1,0,0,0,1,0,1,1,0,1,1,1,1,0,0,1,1,1,0,1,1,0,1,0,0,1,1,0,1,1,0,1,0,1,1,1,1,0,1,0,0,1,1
41 43 1,0,0,0,1,0,0,1,1,1,1,1,1,0,0,1,0,0,0,0,0,0,1,0,1,1,0,0,0,0,1,1,0,0,1,0,1,0,1,1,0,0,1,1,0,0,0,1,1,0,1,0,0,0,1,1,1,1,0,0,0,1,0,1,1,0,1,1,1,1,0,0,1,1,1,0,1,1,0,1,0,0,1,1,0,1,1,0,1,0,1,1,1,1,0,1,0,0,1,1
41 44 1,0,0,0,1,0,0,1,1,1,1,1,1,0,0,1,0,0,0,0,0,0,1,0,1,1,0,0,0,0,1,1,0,0,1,0,1,0,1,1,0,0,1,1,0,0,0,1,1,0,1,0,0,0,1,1,1,1,0,0,0,1,0,1,1,0,1,1,1,1,0,0,1,1,1,0,1,1,0,1,0,0,1,1,0,1,1,0,1,0,1,1,1,1,0,1,0,0,1,1
41 45 1,0,0,0,1,0,0,1,1,1,1,1,1,0,0,1,0,0,0,0,0,0,1,0,1,1,0,0,0,0,1,1,0,0,1,0,1,0,1,1,0,0,1,1,0,0,0,1,1,0,1,0,0,0,1,1,1,1,0,0,0,1,0,1,1,0,1,1,1,1,0,0,1,1,1,0,1,1,0,1,0,0,1,1,0,1,1,0,1,0,1,1,1,1,0,1,0,0,1,1
41 46 1,0,0,0,1,0,0,1,1,1,1,1,1,0,0,1,0,0,0,0,0,0,1,0,1,1,0,0,0,0,1,1,0,0,1,0,1,0,1,1,0,0,1,1,0,0,0,1,1,0,1,0,0,0,1,1,1,1,0,0,0,1,0,1,1,0,1,1,1,1,0,0,1,1,1,0,1,1,0,1,0,0,1,1,0,1,1,0,1,0,1,1,1,1,0,1,0,0,1,1
41 47 1,0,0,0,1,0,0,1,1,1,1,1,1,0,0,1,0,0,0,0,0,0,1,0,1,1,0,0,0,0,1,1,0,0,1,0,1,0,1,1,0,0,1,1,0,0,0,1,1,0,1,0,0,0,1,1,1,1,0,0,0,1,0,1,1,0,1,1,1,1,0,0,1,1,1,0,1,1,0,1,0,0,1,1,0,1,1,0,1,0,1,1,1,1,0,1,0,0,1,1
41 48 1,0,0,0,1,0,0,1,1,1,1,1,1,0,0,1,0,0,0,0,0,0,1,0,1,1,0,0,0,0,1,1,0,0,1,0,1,0,1,1,0,0,1,1,0,0,0,1,1,0,1,0,0,0,1,1,1,1,0,0,0,1,0,1,1,0,1,1,1,1,0,0,1,1,1,0,1,1,0,1,0,0,1,1,0,1,1,0,1,0,1,1,1,1,0,1,0,0,1,1
41 49 1,0,0,0,1,0,0,1,1,1,1,1,1,0,0,1,0,0,0,0,0,0,1,0,1,1,0,0,0,0,1,1,0,0,1,0,1,0,1,1,0,0,1,1,0,0,0,1,1,0,1,0,0,0,1,1,1,1,0,0,0,1,0,1,1,0,1,1,1,1,0,0,1,1,1,0,1,1,0,1,0,0,1,1,0,1,1,0,1,0,1,1,1,1,0,1,0,0,1,1
42 43 1,0,0,0,1,0,0,1,1,1,1,1,1,0,0,1,0,0,0,0,0,0,1,0,1,1,0,0,0,0,1,1,0,0,1,0,1,0,1,1,0,0,1,1,0,0,0,1,1,0,1,0,0,0,1,1,1,1,0,0,0,1,0,1,1,0,1,1,1,1,0,0,1,1,1,0,1,1,0,1,0,0,1,1,0,1,1,0,1,0,1,1,1,1,0,1,0,0,1,1
42 44 1,0,0,0,1,0,0,1,1,1,1,1,1,0,0,1,0,0,0,0,0,0,1,0,1,1,0,0,0,0,1,1,0,0,1,0,1,0,1,1,0,0,1,1,0,0,0,1,1,0,1,0,0,0,1,1,1,1,0,0,0,1,0,1,1,0,1,1,1,1,0,0,1,1,1,0,1,1,0,1,0,0,1,1,0,1,1,0,1,0,1,1,1,1,0,1,0,0,1,1
42 45 1,0,0,0,1,0,0,1,1,1,1,1,1,0,0,1,0,0,0,0,0,0,1,0,1,1,0,0,0,0,1,1,0,0,1,0,1,0,1,1,0,0,1,1,0,0,0,1,1,0,1,0,0,0,1,1,1,1,0,0,0,1,0,1,1,0,1,1,1,1,0,0,1,1,1,0,1,1,0,1,0,0,1,1,0,1,1,0,1,0,1,1,1,1,0,1,0,0,1,1
42 46 1,0,0,0,1,0,0,1,1,1,1,1,1,0,0,1,0,0,0,0,0,0,1,0,1,1,0,0,0,0,1,1,0,0,1,0,1,0,1,1,0,0,1,1,0,0,0,1,1,0,1,0,0,0,1,1,1,1,0,0,0,1,0,1,1,0,1,1,1,1,0,0,1,1,1,0,1,1,0,1,0,0,1,1,0,1,1,0,1,0,1,1,1,1,0,1,0,0,1,1
42 47 1,0,0,0,1,0,0,1,1,1,1,1,1,0,0,1,0,0,0,0,0,0,1,0,1,1,0,0,0,0,1,1,0,0,1,0,1,0,1,1,0,0,1,1,0,0,0,1,1,0,1,0,0,0,1,1,1,1,0,0,0,1,0,1,1,0,1,1,1,1,0,0,1,1,1,0,1,1,0,1,0,0,1,1,0,1,1,0,1,0,1,1,1,1,0,1,0,0,1,1
42 48 1,0,0,0,1,0,0,1,1,1,1,1,1,0,0,1,0,0,0,0,0,0,1,0,1,1,0,0,0,0,1,1,0,0,1,0,1,0,1,1,0,0,1,1,0,0,0,1,1,0,1,0,0,0,1,1,1,1,0,0,0,1,0,1,1,0,1,1,1,1,0,0,1,1,1,0,1,1,0,1,0,0,1,1,0,1,1,0,1,0,1,1,1,1,0,1,0,0,1,1
42 49 1,0,0,0,1,0,0,1,1,1,1,1,1,0,0,1,0,0,0,0,0,0,1,0,1,1,0,0,0,0,1,1,0,0,1,0,1,0,1,1,0,0,1,1,0,0,0,1,1,0,1,0,0,0,1,1,1,1,0,0,0,1,0,1,1,0,1,1,1,1,0,0,1,1,1,0,1,1,0,1,0,0,1,1,0,1,1,0,1,0,1,1,1,1,0,1,0,0,1,1
43 44 1,0,0,0,1,0,0,1,1,1,1,1,1,0,0,1,0,0,0,0,0,0,1,0,1,1,0,0,0,0,1,1,0,0,1,0,1,0,1,1,0,0,1,1,0,0,0,1,1,0,1,0,0,0,1,1,1,1,0,0,0,1,0,1,1,0,1,1,1,1,0,0,1,1,1,0,1,1,0,1,0,0,1,1,0,1,1,0,1,0,1,1,1,1,0,1,0,0,1,1
43 45 1,0,0,0,1,0,0,1,1,1,1,1,1,0,0,1,0,0,0,0,0,0,1,0,1,1,0,0,0,0,1,1,0,0,1,0,1,0,1,1,0,0,1,1,0,0,0,1,1,0,1,0,0,0,1,1,1,1,0,0,0,1,0,1,1,0,1,1,1,1,0,0,1,1,1,0,1,1,0,1,0,0,1,1,0,1,1,0,1,0,1,1,1,1,0,1,0,0,1,1
43 46 1,0,0,0,1,0,0,1,1,1,1,1,1,0,0,1,0,0,0,0,0,0,1,0,1,1,0,0,0,0,1,1,0,0,1,0,1,0,1,1,0,0,1,1,0,0,0,1,1,0,1,0,0,0,1,1,1,1,0,0,0,1,0,1,1,0,1,1,1,1,0,0,1,1,1,0,1,1,0,1,0,0,1,1,0,1,1,0,1,0,1,1,1,1,0,1,0,0,1,1
43 47 1,0,0,0,1,0,0,1,1,1,1,1,1,0,0,1,0,0,0,0,0,0,1,0,1,1,0,0,0,0,1,1,0,0,1,0,1,0,1,1,0,0,1,1,0,0,0,1,1,0,1,0,0,0,1,1,1,1,0,0,0,1,0,1,1,0,1,1,1,1,0,0,1,1,1,0,1,1,0,1,0,0,1,1,0,1,1,0,1,0,1,1,1,1,0,1,0,0,1,1
43 48 1,0,0,0,1,0,0,1,1,1,1,1,1,0,0,1,0,0,0,0,0,0,1,0,1,1,0,0,0,0,1,1,0,0,1,0,1,0,1,1,0,0,1,1,0,0,0,1,1,0,1,0,0,0,1,1,1,1,0,0,0,1,0,1,1,0,1,1,1,1,0,0,1,1,1,0,1,1,0,1,0,0,1,1,0,1,1,0,1,0,1,1,1,1,0,1,0,0,1,1
43 49 1,0,0,0,1,0,0,1,1,1,1,1,1,0,0,1,0,0,0,0,0,0,1,0,1,1,0,0,0,0,1,1,0,0,1,0,1,0,1,1,0,0,1,1,0,0,0,1,1,0,1,0,0,0,1,1,1,1,0,0,0,1,0,1,1,0,1,1,1,1,0,0,1,1,1,0,1,1,0,1,0,0,1,1,0,1,1,0,1,0,1,1,1,1,0,1,0,0,1,1
44 45 1,0,0,0,1,0,0,1,1,1,1,1,1,0,0,1,0,0,0,0,0,0,1,0,1,1,0,0,0,0,1,1,0,0,1,0,1,0,1,1,0,0,1,1,0,0,0,1,1,0,1,0,0,0,1,1,1,1,0,0,0,1,0,1,1,0,1,1,1,1,0,0,1,1,1,0,1,1,0,1,0,0,1,1,0,1,1,0,1,0,1,1,1,1,0,1,0,0,1,1
44 46 1,0,0,0,1,0,0,1,1,1,1,1,1,0,0,1,0,0,0,0,0,0,1,0,1,1,0,0,0,0,1,1,0,0,1,0,1,0,1,1,0,0,1,1,0,0,0,1,1,0,1,0,0,0,1,1,1,1,0,0,0,1,0,1,1,0,1,1,1,1,0,0,1,1,1,0,1,1,0,1,0,0,1,1,0,1,1,0,1,0,1,1,1,1,0,1,0,0,1,1
44 47 1,0,0,0,1,0,0,1,1,1,1,1,1,0,0,1,0,0,0,0,0,0,1,0,1,1,0,0,0,0,1,1,0,0,1,0,1,0,1,1,0,0,1,1,0,0,0,1,1,0,1,0,0,0,1,1,1,1,0,0,0,1,0,1,1,0,1,1,1,1,0,0,1,1,1,0,1,1,0,1,0,0,1,1,0,1,1,0,1,0,1,1,1,1,0,1,0,0,1,1
44 48 1,0,0,0,1,0,0,1,1,1,1,1,1,0,0,1,0,0,0,0,0,0,1,0,1,1,0,0,0,0,1,1,0,0,1,0,1,0,1,1,0,0,1,1,0,0,0,1,1,0,1,0,0,0,1,1,1,1,0,0,0,1,0,1,1,0,1,1,1,1,0,0,1,1,1,0,1,1,0,1,0,0,1,1,0,1,1,0,1,0,1,1,1,1,0,1,0,0,1,1
44 49 1,0,0,0,1,0,0,1,1,1,1,1,1,0,0,1,0,0,0,0,0,0,1,0,1,1,0,0,0,0,1,1,0,0,1,0,1,0,1,1,0,0,1,1,0,0,0,1,1,0,1,0,0,0,1,1,1,1,0,0,0,1,0,1,1,0,1,1,1,1,0,0,1,1,1,0,1,1,0,1,0,0,1,1,0,1,1,0,1,0,1,1,1,1,0,1,0,0,1,1
45 46 1,0,0,0,1,0,0,1,1,1,1,1,1,0,0,1,0,0,0,0,0,0,1,0,1,1,0,0,0,0,1,1,0,0,1,0,1,0,1,1,0,0,1,1,0,0,0,1,1,0,1,0,0,0,1,1,1,1,0,0,0,1,0,1,1,0,1,1,1,1,0,0,1,1,1,0,1,1,0,1,0,0,1,1,0,1,1,0,1,0,1,1,1,1,0,1,0,0,1,1
45 47 1,0,0,0,1,0,0,1,1,1,1,1,1,0,0,1,0,0,0,0,0,0,1,0,1,1,0,0,0,0,1,1,0,0,1,0,1,0,1,1,0,0,1,1,0,0,0,1,1,0,1,0,0,0,1,1,1,1,0,0,0,1,0,1,1,0,1,1,1,1,0,0,1,1,1,0,1,1,0,1,0,0,1,1,0,1,1,0,1,0,1,1,1,1,0,1,0,0,1,1
45 48 1,0,0,0,1,0,0,1,1,1,1,1,1,0,0,1,0,0,0,0,0,0,1,0,1,1,0,0,0,0,1,1,0,0,1,0,1,0,1,1,0,0,1,1,0,0,0,1,1,0,1,0,0,0,1,1,1,1,0,0,0,1,0,1,1,0,1,1,1,1,0,0,1,1,1,0,1,1,0,1,0,0,1,1,0,1,1,0,1,0,1,1,1,1,0,1,0,0,1,1
45 49 1,0,0,0,1,0,0,1,1,1,1,1,1,0,0,1,0,0,0,0,0,0,1,0,1,1,0,0,0,0,1,1,0,0,1,0,1,0,1,1,0,0,1,1,0,0,0,1,1,0,1,0,0,0,1,1,1,1,0,0,0,1,0,1,1,0,1,1,1,1,0,0,1,1,1,0,1,1,0,1,0,0,1,1,0,1,1,0,1,0,1,1,1,1,0,1,0,0,1,1
46 47 1,0,0,0,1,0,0,1,1,1,1,1,1,0,0,1,0,0,0,0,0,0,1,0,1,1,0,0,0,0,1,1,0,0,1,0,1,0,1,1,0,0,1,1,0,0,0,1,1,0,1,0,0,0,1,1,1,1,0,0,0,1,0,1,1,0,1,1,1,1,0,0,1,1,1,0,1,1,0,1,0,0,1,1,0,1,1,0,1,0,1,1,1,1,0,1,0,0,1,1
46 48 1,0,0,0,1,0,0,1,1,1,1,1,1,0,0,1,0,0,0,0,0,0,1,0,1,1,0,0,0,0,1,1,0,0,1,0,1,0,1,1,0,0,1,1,0,0,0,1,1,0,1,0,0,0,1,1,1,1,0,0,0,1,0,1,1,0,1,1,1,1,0,0,1,1,1,0,1,1,0,1,0,0,1,1,0,1,1,0,1,0,1,1,1,1,0,1,0,0,1,1
46 49 1,0,0,0,1,0,0,1,1,1,1,1,1,0,0,1,0,0,0,0,0,0,1,0,1,1,0,0,0,0,1,1,0,0,1,0,1,0,1,1,0,0,1,1,0,0,0,1,1,0,1,0,0,0,1,1,1,1,0,0,0,1,0,1,1,0,1,1,1,1,0,0,1,1,1,0,1,1,0,1,0,0,1,1,0,1,1,0,1,0,1,1,1,1,0,1,0,0,1,1
47 48 1,0,0,0,1,0,0,1,1,1,1,1,1,0,0,1,0,0,0,0,0,0,1,0,1,1,0,0,0,0,1,1,0,0,1,0,1,0,1,1,0,0,1,1,0,0,0,1,1,0,1,0,0,0,1,1,1,1,0,0,0,1,0,1,1,0,1,1,1,1,0,0,1,1,1,0,1,1,0,1,0,0,1,1,0,1,1,0,1,0,1,1,1,1,0,1,0,0,1,1
47 49 1,0,0,0,1,0,0,1,1,1,1,1,1,0,0,1,0,0,0,0,0,0,1,0,1,1,0,0,0,0,1,1,0,0,1,0,1,0,1,1,0,0,1,1,0,0,0,1,1,0,1,0,0,0,1,1,1,1,0,0,0,1,0,1,1,0,1,1,1,1,0,0,1,1,1,0,1,1,0,1,0,0,1,1,0,1,1,0,1,0,1,1,1,1,0,1,0,0,1,1
48 49 1,0,0,0,1,0,0,1,1,1,1,1,1,0,0,1,0,0,0,0,0,0,1,0,1,1,0,0,0,0,1,1,0,0,1,0,1,0,1,1,0,0,1,1,0,0,0,1,1,0,1,0,0,0,1,1,1,1,0,0,0,1,0,1,1,0,1,1,1,1,0,0,1,1,1,0,1,1,0,1,0,0,1,1,0,1,1,0,1,0,1,1,1,1,0,1,0,0,1,1
49 50 1,1,0,0,0,0,0,1,0,0,0,1,0,0,1,0,0,0,1,0,1,0,1,0,1,0,1,0,1,0,0,1,0,0,0,0,0,0,1,0,0,0,1,1,1,1,1,1,0,0,0,0,1,1,0,1,1,1,1,0,0,1,0,1,0,0,1,0,0,1,1,1,0,1,1,0,1,1,1,0,1,1,1,0,1,1,0,1,0,1,0,1,0,1,1,0,1,0,1,1
50 52 1,0,1,0,0,0,0,1,0,0,0,1,0,1,0,1,0,0,0,1,1,0,1,1,0,0,0,0,0,0,1,1,0,1,0,1,0,0,1,1,1,0,0,1,0,0,0,0,0,1,0,0,1,1,1,0,0,0,1,1,1,0,0,1,1,0,1,1,0,1,0,0,1,1,1,0,0,1,0,0,1,0,0,1,0,0,0,0,0,0,0,1,0,0,1,1,1,1,1,0
50 53 1,0,1,0,0,0,0,1,0,0,0,1,0,1,0,1,0,0,0,1,1,0,1,1,0,0,0,0,0,0,1,1,0,1,0,1,0,0,1,1,1,0,0,1,0,0,0,0,0,1,0,0,1,1,1,0,0,0,1,1,1,0,0,1,1,0,1,1,0,1,0,0,1,1,1,0,0,1,0,0,1,0,0,1,0,0,0,0,0,0,0,1,0,0,1,1,1,1,1,0
50 54 1,0,1,0,0,0,0,1,0,0,0,1,0,1,0,1,0,0,0,1,1,0,1,1,0,0,0,0,0,0,1,1,0,1,0,1,0,0,1,1,1,0,0,1,0,0,0,0,0,1,0,0,1,1,1,0,0,0,1,1,1,0,0,1,1,0,1,1,0,1,0,0,1,1,1,0,0,1,0,0,1,0,0,1,0,0,0,0,0,0,0,1,0,0,1,1,1,1,1,0
50 55 1,0,1,0,0,0,0,1,0,0,0,1,0,1,0,1,0,0,0,1,1,0,1,1,0,0,0,0,0,0,1,1,0,1,0,1,0,0,1,1,1,0,0,1,0,0,0,0,0,1,0,0,1,1,1,0,0,0,1,1,1,0,0,1,1,0,1,1,0,1,0,0,1,1,1,0,0,1,0,0,1,0,0,1,0,0,0,0,0,0,0,1,0,0,1,1,1,1,1,0
50 56 1,0,1,0,0,0,0,1,0,0,0,1,0,1,0,1,0,0,0,1,1,0,1,1,0,0,0,0,0,0,1,1,0,1,0,1,0,0,1,1,1,0,0,1,0,0,0,0,0,1,0,0,1,1,1,0,0,0,1,1,1,0,0,1,1,0,1,1,0,1,0,0,1,1,1,0,0,1,0,0,1,0,0,1,0,0,0,0,0,0,0,1,0,0,1,1,1,1,1,0
50 57 1,0,1,0,0,0,0,1,0,0,0,1,0,1,0,1,0,0,0,1,1,0,1,1,0,0,0,0,0,0,1,1,0,1,0,1,0,0,1,1,1,0,0,1,0,0,0,0,0,1,0,0,1,1,1,0,0,0,1,1,1,0,0,1,1,0,1,1,0,1,0,0,1,1,1,0,0,1,0,0,1,0,0,1,0,0,0,0,0,0,0,1,0,0,1,1,1,1,1,0
50 58 1,0,1,0,0,0,0,1,0,0,0,1,0,1,0,1,0,0,0,1,1,0,1,1,0,0,0,0,0,0,1,1,0,1,0,1,0,0,1,1,1,0,0,1,0,0,0,0,0,1,0,0,1,1,1,0,0,0,1,1,1,0,0,1,1,0,1,1,0,1,0,0,1,1,1,0,0,1,0,0,1,0,0,1,0,0,0,0,0,0,0,1,0,0,1,1,1,1,1,0
50 59 1,0,1,0,0,0,0,1,0,0,0,1,0,1,0,1,0,0,0,1,1,0,1,1,0,0,0,0,0,0,1,1,0,1,0,1,0,0,1,1,1,0,0,1,0,0,0,0,0,1,0,0,1,1,1,0,0,0,1,1,1,0,0,1,1,0,1,1,0,1,0,0,1,1,1,0,0,1,0,0,1,0,0,1,0,0,0,0,0,0,0,1,0,0,1,1,1,1,1,0
51 52 1,0,1,0,0,0,0,1,0,0,0,1,0,1,0,1,0,0,0,1,1,0,1,1,0,0,0,0,0,0,1,1,0,1,0,1,0,0,1,1,1,0,0,1,0,0,0,0,0,1,0,0,1,1,1,0,0,0,1,1,1,0,0,1,1,0,1,1,0,1,0,0,1,1,1,0,0,1,0,0,1,0,0,1,0,0,0,0,0,0,0,1,0,0,1,1,1,1,1,0
51 53 1,0,1,0,0,0,0,1,0,0,0,1,0,1,0,1,0,0,0,1,1,0,1,1,0,0,0,0,0,0,1,1,0,1,0,1,0,0,1,1,1,0,0,1,0,0,0,0,0,1,0,0,1,1,1,0,0,0,1,1,1,0,0,1,1,0,1,1,0,1,0,0,1,1,1,0,0,1,0,0,1,0,0,1,0,0,0,0,0,0,0,1,0,0,1,1,1,1,1,0
51 54 1,0,1,0,0,0,0,1,0,0,0,1,0,1,0,1,0,0,0,1,1,0,1,1,0,0,0,0,0,0,1,1,0,1,0,1,0,0,1,1,1,0,0,1,0,0,0,0,0,1,0,0,1,1,1,0,0,0,1,1,1,0,0,1,1,0,1,1,0,1,0,0,1,1,1,0,0,1,0,0,1,0,0,1,0,0,0,0,0,0,0,1,0,0,1,1,1,1,1,0
51 55 1,0,1,0,0,0,0,1,0,0,0,1,0,1,0,1,0,0,0,1,1,0,1,1,0,0,0,0,0,0,1,1,0,1,0,1,0,0,1,1,1,0,0,1,0,0,0,0,0,1,0,0,1,1,1,0,0,0,1,1,1,0,0,1,1,0,1,1,0,1,0,0,1,1,1,0,0,1,0,0,1,0,0,1,0,0,0,0,0,0,0,1,0,0,1,1,1,1,1,0
51 56 1,0,1,0,0,0,0,1,0,0,0,1,0,1,0,1,0,0,0,1,1,0,1,1,0,0,0,0,0,0,1,1,0,1,0,1,0,0,1,1,1,0,0,1,0,0,0,0,0,1,0,0,1,1,1,0,0,0,1,1,1,0,0,1,1,0,1,1,0,1,0,0,1,1,1,0,0,1,0,0,1,0,0,1,0,0,0,0,0,0,0,1,0,0,1,1,1,1,1,0
51 57 1,0,1,0,0,0,0,1,0,0,0,1,0,1,0,1,0,0,0,1,1,0,1,1,0,0,0,0,0,0,1,1,0,1,0,1,0,0,1,1,1,0,0,1,0,0,0,0,0,1,0,0,1,1,1,0,0,0,1,1,1,0,0,1,1,0,1,1,0,1,0,0,1,1,1,0,0,1,0,0,1,0,0,1,0,0,0,0,0,0,0,1,0,0,1,1,1,1,1,0
51 58 1,0,1,0,0,0,0,1,0,0,0,1,0,1,0,1,0,0,0,1,1,0,1,1,0,0,0,0,0,0,1,1,0,1,0,1,0,0,1,1,1,0,0,1,0,0,0,0,0,1,0,0,1,1,1,0,0,0,1,1,1,0,0,1,1,0,1,1,0,1,0,0,1,1,1,0,0,1,0,0,1,0,0,1,0,0,0,0,0,0,0,1,0,0,1,1,1,1,1,0
51 59 1,0,1,0,0,0,0,1,0,0,0,1,0,1,0,1,0,0,0,1,1,0,1,1,0,0,0,0,0,0,1,1,0,1,0,1,0,0,1,1,1,0,0,1,0,0,0,0,0,1,0,0,1,1,1,0,0,0,1,1,1,0,0,1,1,0,1,1,0,1,0,0,1,1,1,0,0,1,0,0,1,0,0,1,0,0,0,0,0,0,0,1,0,0,1,1,1,1,1,0
52 53 1,0,1,0,0,0,0,1,0,0,0,1,0,1,0,1,0,0,0,1,1,0,1,1,0,0,0,0,0,0,1,1,0,1,0,1,0,0,1,1,1,0,0,1,0,0,0,0,0,1,0,0,1,1,1,0,0,0,1,1,1,0,0,1,1,0,1,1,0,1,0,0,1,1,1,0,0,1,0,0,1,0,0,1,0,0,0,0,0,0,0,1,0,0,1,1,1,1,1,0
52 54 1,0,1,0,0,0,0,1,0,0,0,1,0,1,0,1,0,0,0,1,1,0,1,1,0,0,0,0,0,0,1,1,0,1,0,1,0,0,1,1,1,0,0,1,0,0,0,0,0,1,0,0,1,1,1,0,0,0,1,1,1,0,0,1,1,0,1,1,0,1,0,0,1,1,1,0,0,1,0,0,1,0,0,1,0,0,0,0,0,0,0,1,0,0,1,1,1,1,1,0
52 55 1,0,1,0,0,0,0,1,0,0,0,1,0,1,0,1,0,0,0,1,1,0,1,1,0,0,0,0,0,0,1,1,0,1,0,1,0,0,1,1,1,0,0,1,0,0,0,0,0,1,0,0,1,1,1,0,0,0,1,1,1,0,0,1,1,0,1,1,0,1,0,0,1,1,1,0,0,1,0,0,1,0,0,1,0,0,0,0,0,0,0,1,0,0,1,1,1,1,1,0
52 56 1,0,1,0,0,0,0,1,0,0,0,1,0,1,0,1,0,0,0,1,1,0,1,1,0,0,0,0,0,0,1,1,0,1,0,1,0,0,1,1,1,0,0,1,0,0,0,0,0,1,0,0,1,1,1,0,0,0,1,1,1,0,0,1,1,0,1,1,0,1,0,0,1,1,1,0,0,1,0,0,1,0,0,1,0,0,0,0,0,0,0,1,0,0,1,1,1,1,1,0
52 57 1,0,1,0,0,0,0,1,0,0,0,1,0,1,0,1,0,0,0,1,1,0,1,1,0,0,0,0,0,0,1,1,0,1,0,1,0,0,1,1,1,0,0,1,0,0,0,0,0,1,0,0,1,1,1,0,0,0,1,1,1,0,0,1,1,0,1,1,0,1,0,0,1,1,1,0,0,1,0,0,1,0,0,1,0,0,0,0,0,0,0,1,0,0,1,1,1,1,1,0
52 58 1,0,1,0,0,0,0,1,0,0,0,1,0,1,0,1,0,0,0,1,1,0,1,1,0,0,0,0,0,0,1,1,0,1,0,1,0,0,1,1,1,0,0,1,0,0,0,0,0,1,0,0,1,1,1,0,0,0,1,1,1,0,0,1,1,0,1,1,0,1,0,0,1,1,1,0,0,1,0,0,1,0,0,1,0,0,0,0,0,0,0,1,0,0,1,1,1,1,1,0
52 59 1,0,1,0,0,0,0,1,0,0,0,1,0,1,0,1,0,0,0,1,1,0,1,1,0,0,0,0,0,0,1,1,0,1,0,1,0,0,1,1,1,0,0,1,0,0,0,0,0,1,0,0,1,1,1,0,0,0,1,1,1,0,0,1,1,0,1,1,0,1,0,0,1,1,1,0,0,1,0,0,1,0,0,1,0,0,0,0,0,0,0,1,0,0,1,1,1,1,1,0
53 54 1,0,1,0,0,0,0,1,0,0,0,1,0,1,0,1,0,0,0,1,1,0,1,1,0,0,0,0,0,0,1,1,0,1,0,1,0,0,1,1,1,0,0,1,0,0,0,0,0,1,0,0,1,1,1,0,0,0,1,1,1,0,0,1,1,0,1,1,0,1,0,0,1,1,1,0,0,1,0,0,1,0,0,1,0,0,0,0,0,0,0,1,0,0,1,1,1,1,1,0
53 55 1,0,1,0,0,0,0,1,0,0,0,1,0,1,0,1,0,0,0,1,1,0,1,1,0,0,0,0,0,0,1,1,0,1,0,1,0,0,1,1,1,0,0,1,0,0,0,0,0,1,0,0,1,1,1,0,0,0,1,1,1,0,0,1,1,0,1,1,0,1,0,0,1,1,1,0,0,1,0,0,1,0,0,1,0,0,0,0,0,0,0,1,0,0,1,1,1,1,1,0
53 56 1,0,1,0,0,0,0,1,0,0,0,1,0,1,0,1,0,0,0,1,1,0,1,1,0,0,0,0,0,0,1,1,0,1,0,1,0,0,1,1,1,0,0,1,0,0,0,0,0,1,0,0,1,1,1,0,0,0,1,1,1,0,0,1,1,0,1,1,0,1,0,0,1,1,1,0,0,1,0,0,1,0,0,1,0,0,0,0,0,0,0,1,0,0,1,1,1,1,1,0
53 57 1,0,1,0,0,0,0,1,0,0,0,1,0,1,0,1,0,0,0,1,1,0,1,1,0,0,0,0,0,0,1,1,0,1,0,1,0,0,1,1,1,0,0,1,0,0,0,0,0,1,0,0,1,1,1,0,0,0,1,1,1,0,0,1,1,0,1,1,0,1,0,0,1,1,1,0,0,1,0,0,1,0,0,1,0,0,0,0,0,0,0,1,0,0,1,1,1,1,1,0
53 58 1,0,1,0,0,0,0,1,0,0,0,1,0,1,0,1,0,0,0,1,1,0,1,1,0,0,0,0,0,0,1,1,0,1,0,1,0,0,1,1,1,0,0,1,0,0,0,0,0,1,0,0,1,1,1,0,0,0,1,1,1,0,0,1,1,0,1,1,0,1,0,0,1,1,1,0,0,1,0,0,1,0,0,1,0,0,0,0,0,0,0,1,0,0,1,1,1,1,1,0
53 59 1,0,1,0,0,0,0,1,0,0,0,1,0,1,0,1,0,0,0,1,1,0,1,1,0,0,0,0,0,0,1,1,0,1,0,1,0,0,1,1,1,0,0,1,0,0,0,0,0,1,0,0,1,1,1,0,0,0,1,1,1,0,0,1,1,0,1,1,0,1,0,0,1,1,1,0,0,1,0,0,1,0,0,1,0,0,0,0,0,0,0,1,0,0,1,1,1,1,1,0
54 55 1,0,1,0,0,0,0,1,0,0,0,1,0,1,0,1,0,0,0,1,1,0,1,1,0,0,0,0,0,0,1,1,0,1,0,1,0,0,1,1,1,0,0,1,0,0,0,0,0,1,0,0,1,1,1,0,0,0,1,1,1,0,0,1,1,0,1,1,0,1,0,0,1,1,1,0,0,1,0,0,1,0,0,1,0,0,0,0,0,0,0,1,0,0,1,1,1,1,1,0
54 56 1,0,1,0,0,0,0,1,0,0,0,1,0,1,0,1,0,0,0,1,1,0,1,1,0,0,0,0,0,0,1,1,0,1,0,1,0,0,1,1,1,0,0,1,0,0,0,0,0,1,0,0,1,1,1,0,0,0,1,1,1,0,0,1,1,0,1,1,0,1,0,0,1,1,1,0,0,1,0,0,1,0,0,1,0,0,0,0,0,0,0,1,0,0,1,1,1,1,1,0
54 57 1,0,1,0,0,0,0,1,0,0,0,1,0,1,0,1,0,0,0,1,1,0,1,1,0,0,0,0,0,0,1,1,0,1,0,1,0,0,1,1,1,0,0,1,0,0,0,0,0,1,0,0,1,1,1,0,0,0,1,1,1,0,0,1,1,0,1,1,0,1,0,0,1,1,1,0,0,1,0,0,1,0,0,1,0,0,0,0,0,0,0,1,0,0,1,1,1,1,1,0
54 58 1,0,1,0,0,0,0,1,0,0,0,1,0,1,0,1,0,0,0,1,1,0,1,1,0,0,0,0,0,0,1,1,0,1,0,1,0,0,1,1,1,0,0,1,0,0,0,0,0,1,0,0,1,1,1,0,0,0,1,1,1,0,0,1,1,0,1,1,0,1,0,0,1,1,1,0,0,1,0,0,1,0,0,1,0,0,0,0,0,0,0,1,0,0,1,1,1,1,1,0
54 59 1,0,1,0,0,0,0,1,0,0,0,1,0,1,0,1,0,0,0,1,1,0,1,1,0,0,0,0,0,0,1,1,0,1,0,1,0,0,1,1,1,0,0,1,0,0,0,0,0,1,0,0,1,1,1,0,0,0,1,1,1,0,0,1,1,0,1,1,0,1,0,0,1,1,1,0,0,1,0,0,1,0,0,1,0,0,0,0,0,0,0,1,0,0,1,1,1,1,1,0
55 56 1,0,1,0,0,0,0,1,0,0,0,1,0,1,0,1,0,0,0,1,1,0,1,1,0,0,0,0,0,0,1,1,0,1,0,1,0,0,1,1,1,0,0,1,0,0,0,0,0,1,0,0,1,1,1,0,0,0,1,1,1,0,0,1,1,0,1,1,0,1,0,0,1,1,1,0,0,1,0,0,1,0,0,1,0,0,0,0,0,0,0,1,0,0,1,1,1,1,1,0
55 57 1,0,1,0,0,0,0,1,0,0,0,1,0,1,0,1,0,0,0,1,1,0,1,1,0,0,0,0,0,0,1,1,0,1,0,1,0,0,1,1,1,0,0,1,0,0,0,0,0,1,0,0,1,1,1,0,0,0,1,1,1,0,0,1,1,0,1,1,0,1,0,0,1,1,1,0,0,1,0,0,1,0,0,1,0,0,0,0,0,0,0,1,0,0,1,1,1,1,1,0
55 58 1,0,1,0,0,0,0,1,0,0,0,1,0,1,0,1,0,0,0,1,1,0,1,1,0,0,0,0,0,0,1,1,0,1,0,1,0,0,1,1,1,0,0,1,0,0,0,0,0,1,0,0,1,1,1,0,0,0,1,1,1,0,0,1,1,0,1,1,0,1,0,0,1,1,1,0,0,1,0,0,1,0,0,1,0,0,0,0,0,0,0,1,0,0,1,1,1,1,1,0
55 59 1,0,1,0,0,0,0,1,0,0,0,1,0,1,0,1,0,0,0,1,1,0,1,1,0,0,0,0,0,0,1,1,0,1,0,1,0,0,1,1,1,0,0,1,0,0,0,0,0,1,0,0,1,1,1,0,0,0,1,1,1,0,0,1,1,0,1,1,0,1,0,0,1,1,1,0,0,1,0,0,1,0,0,1,0,0,0,0,0,0,0,1,0,0,1,1,1,1,1,0
56 57 1,0,1,0,0,0,0,1,0,0,0,1,0,1,0,1,0,0,0,1,1,0,1,1,0,0,0,0,0,0,1,1,0,1,0,1,0,0,1,1,1,0,0,1,0,0,0,0,0,1,0,0,1,1,1,0,0,0,1,1,1,0,0,1,1,0,1,1,0,1,0,0,1,1,1,0,0,1,0,0,1,0,0,1,0,0,0,0,0,0,0,1,0,0,1,1,1,1,1,0
56 58 1,0,1,0,0,0,0,1,0,0,0,1,0,1,0,1,0,0,0,1,1,0,1,1,0,0,0,0,0,0,1,1,0,1,0,1,0,0,1,1,1,0,0,1,0,0,0,0,0,1,0,0,1,1,1,0,0,0,1,1,1,0,0,1,1,0,1,1,0,1,0,0,1,1,1,0,0,1,0,0,1,0,0,1,0,0,0,0,0,0,0,1,0,0,1,1,1,1,1,0
56 59 1,0,1,0,0,0,0,1,0,0,0,1,0,1,0,1,0,0,0,1,1,0,1,1,0,0,0,0,0,0,1,1,0,1,0,1,0,0,1,1,1,0,0,1,0,0,0,0,0,1,0,0,1,1,1,0,0,0,1,1,1,0,0,1,1,0,1,1,0,1,0,0,1,1,1,0,0,1,0,0,1,0,0,1,0,0,0,0,0,0,0,1,0,0,1,1,1,1,1,0
57 58 1,0,1,0,0,0,0,1,0,0,0,1,0,1,0,1,0,0,0,1,1,0,1,1,0,0,0,0,0,0,1,1,0,1,0,1,0,0,1,1,1,0,0,1,0,0,0,0,0,1,0,0,1,1,1,0,0,0,1,1,1,0,0,1,1,0,1,1,0,1,0,0,1,1,1,0,0,1,0,0,1,0,0,1,0,0,0,0,0,0,0,1,0,0,1,1,1,1,1,0
57 59 1,0,1,0,0,0,0,1,0,0,0,1,0,1,0,1,0,0,0,1,1,0,1,1,0,0,0,0,0,0,1,1,0,1,0,1,0,0,1,1,1,0,0,1,0,0,0,0,0,1,0,0,1,1,1,0,0,0,1,1,1,0,0,1,1,0,1,1,0,1,0,0,1,1,1,0,0,1,0,0,1,0,0,1,0,0,0,0,0,0,0,1,0,0,1,1,1,1,1,0
58 59 1,0,1,0,0,0,0,1,0,0,0,1,0,1,0,1,0,0,0,1,1,0,1,1,0,0,0,0,0,0,1,1,0,1,0,1,0,0,1,1,1,0,0,1,0,0,0,0,0,1,0,0,1,1,1,0,0,0,1,1,1,0,0,1,1,0,1,1,0,1,0,0,1,1,1,0,0,1,0,0,1,0,0,1,0,0,0,0,0,0,0,1,0,0,1,1,1,1,1,0
59 60 0,1,0,1,0,1,0,1,1,0,1,0,0,0,1,0,0,0,1,1,1,0,1,0,0,0,1,1,0,0,0,0,1,1,0,1,1,0,0,0,1,0,1,1,0,0,1,0,0,1,0,1,1,0,1,1,1,1,0,1,0,0,0,1,0,0,0,1,0,0,0,0,1,0,1,1,0,1,0,1,0,1,1,0,1,0,1,1,0,1,1,0,0,0,0,1,0,1,1,1
60 62 0,1,1,1,1,0,1,0,1,1,0,1,1,0,0,0,1,0,1,0,1,0,0,0,0,0,0,0,0,0,1,0,1,0,0,1,0,0,1,0,0,1,0,1,0,0,1,1,0,0,1,0,0,1,0,1,1,1,0,1,0,0,1,0,0,1,0,1,1,1,0,1,1,1,0,0,0,0,0,1,1,0,1,1,0,1,1,1,0,0,1,0,0,0,0,1,0,0,0,1
60 63 0,1,1,1,1,0,1,0,1,1,0,1,1,0,0,0,1,0,1,0,1,0,0,0,0,0,0,0,0,0,1,0,1,0,0,1,0,0,1,0,0,1,0,1,0,0,1,1,0,0,1,0,0,1,0,1,1,1,0,1,0,0,1,0,0,1,0,1,1,1,0,1,1,1,0,0,0,0,0,1,1,0,1,1,0,1,1,1,0,0,1,0,0,0,0,1,0,0,0,1
60 64 0,1,1,1,1,0,1,0,1,1,0,1,1,0,0,0,1,0,1,0,1,0,0,0,0,0,0,0,0,0,1,0,1,0,0,1,0,0,1,0,0,1,0,1,0,0,1,1,0,0,1,0,0,1,0,1,1,1,0,1,0,0,1,0,0,1,0,1,1,1,0,1,1,1,0,0,0,0,0,1,1,0,1,1,0,1,1,1,0,0,1,0,0,0,0,1,0,0,0,1
60 65 0,1,1,1,1,0,1,0,1,1,0,1,1,0,0,0,1,0,1,0,1,0,0,0,0,0,0,0,0,0,1,0,1,0,0,1,0,0,1,0,0,1,0,1,0,0,1,1,0,0,1,0,0,1,0,1,1,1,0,1,0,0,1,0,0,1,0,1,1,1,0,1,1,1,0,0,0,0,0,1,1,0,1,1,0,1,1,1,0,0,1,0,0,0,0,1,0,0,0,1
60 66 0,1,1,1,1,0,1,0,1,1,0,1,1,0,0,0,1,0,1,0,1,0,0,0,0,0,0,0,0,0,1,0,1,0,0,1,0,0,1,0,0,1,0,1,0,0,1,1,0,0,1,0,0,1,0,1,1,1,0,1,0,0,1,0,0,1,0,1,1,1,0,1,1,1,0,0,0,0,0,1,1,0,1,1,0,1,1,1,0,0,1,0,0,0,0,1,0,0,0,1
60 67 0,1,1,1,1,0,1,0,1,1,0,1,1,0,0,0,1,0,1,0,1,0,0,0,0,0,0,0,0,0,1,0,1,0,0,1,0,0,1,0,0,1,0,1,0,0,1,1,0,0,1,0,0,1,0,1,1,1,0,1,0,0,1,0,0,1,0,1,1,1,0,1,1,1,0,0,0,0,0,1,1,0,1,1,0,1,1,1,0,0,1,0,0,0,0,1,0,0,0,1
60 68 0,1,1,1,1,0,1,0,1,1,0,1,1,0,0,0,1,0,1,0,1,0,0,0,0,0,0,0,0,0,1,0,1,0,0,1,0,0,1,0,0,1,0,1,0,0,1,1,0,0,1,0,0,1,0,1,1,1,0,1,0,0,1,0,0,1,0,1,1,1,0,1,1,1,0,0,0,0,0,1,1,0,1,1,0,1,1,1,0,0,1,0,0,0,0,1,0,0,0,1
60 69 0,1,1,1,1,0,1,0,1,1,0,1,1,0,0,0,1,0,1,0,1,0,0,0,0,0,0,0,0,0,1,0,1,0,0,1,0,0,1,0,0,1,0,1,0,0,1,1,0,0,1,0,0,1,0,1,1,1,0,1,0,0,1,0,0,1,0,1,1,1,0,1,1,1,0,0,0,0,0,1,1,0,1,1,0,1,1,1,0,0,1,0,0,0,0,1,0,0,0,1
61 62 0,1,1,1,1,0,1,0,1,1,0,1,1,0,0,0,1,0,1,0,1,0,0,0,0,0,0,0,0,0,1,0,1,0,0,1,0,0,1,0,0,1,0,1,0,0,1,1,0,0,1,0,0,1,0,1,1,1,0,1,0,0,1,0,0,1,0,1,1,1,0,1,1,1,0,0,0,0,0,1,1,0,1,1,0,1,1,1,0,0,1,0,0,0,0,1,0,0,0,1
61 63 0,1,1,1,1,0,1,0,1,1,0,1,1,0,0,0,1,0,1,0,1,0,0,0,0,0,0,0,0,0,1,0,1,0,0,1,0,0,1,0,0,1,0,1,0,0,1,1,0,0,1,0,0,1,0,1,1,1,0,1,0,0,1,0,0,1,0,1,1,1,0,1,1,1,0,0,0,0,0,1,1,0,1,1,0,1,1,1,0,0,1,0,0,0,0,1,0,0,0,1
61 64 0,1,1,1,1,0,1,0,1,1,0,1,1,0,0,0,1,0,1,0,1,0,0,0,0,0,0,0,0,0,1,0,1,0,0,1,0,0,1,0,0,1,0,1,0,0,1,1,0,0,1,0,0,1,0,1,1,1,0,1,0,0,1,0,0,1,0,1,1,1,0,1,1,1,0,0,0,0,0,1,1,0,1,1,0,1,1,1,0,0,1,0,0,0,0,1,0,0,0,1
61 65 0,1,1,1,1,0,1,0,1,1,0,1,1,0,0,0,1,0,1,0,1,0,0,0,0,0,0,0,0,0,1,0,1,0,0,1,0,0,1,0,0,1,0,1,0,0,1,1,0,0,1,0,0,1,0,1,1,1,0,1,0,0,1,0,0,1,0,1,1,1,0,1,1,1,0,0,0,0,0,1,1,0,1,1,0,1,1,1,0,0,1,0,0,0,0,1,0,0,0,1
61 66 0,1,1,1,1,0,1,0,1,1,0,1,1,0,0,0,1,0,1,0,1,0,0,0,0,0,0,0,0,0,1,0,1,0,0,1,0,0,1,0,0,1,0,1,0,0,1,1,0,0,1,0,0,1,0,1,1,1,0,1,0,0,1,0,0,1,0,1,1,1,0,1,1,1,0,0,0,0,0,1,1,0,1,1,0,1,1,1,0,0,1,0,0,0,0,1,0,0,0,1
61 67 0,1,1,1,1,0,1,0,1,1,0,1,1,0,0,0,1,0,1,0,1,0,0,0,0,0,0,0,0,0,1,0,1,0,0,1,0,0,1,0,0,1,0,1,0,0,1,1,0,0,1,0,0,1,0,1,1,1,0,1,0,0,1,0,0,1,0,1,1,1,0,1,1,1,0,0,0,0,0,1,1,0,1,1,0,1,1,1,0,0,1,0,0,0,0,1,0,0,0,1
61 68 0,1,1,1,1,0,1,0,1,1,0,1,1,0,0,0,1,0,1,0,1,0,0,0,0,0,0,0,0,0,1,0,1,0,0,1,0,0,1,0,0,1,0,1,0,0,1,1,0,0,1,0,0,1,0,1,1,1,0,1,0,0,1,0,0,1,0,1,1,1,0,1,1,1,0,0,0,0,0,1,1,0,1,1,0,1,1,1,0,0,1,0,0,0,0,1,0,0,0,1
61 69 0,1,1,1,1,0,1,0,1,1,0,1,1,0,0,0,1,0,1,0,1,0,0,0,0,0,0,0,0,0,1,0,1,0,0,1,0,0,1,0,0,1,0,1,0,0,1,1,0,0,1,0,0,1,0,1,1,1,0,1,0,0,1,0,0,1,0,1,1,1,0,1,1,1,0,0,0,0,0,1,1,0,1,1,0,1,1,1,0,0,1,0,0,0,0,1,0,0,0,1
62 63 0,1,1,1,1,0,1,0,1,1,0,1,1,0,0,0,1,0,1,0,1,0,0,0,0,0,0,0,0,0,1,0,1,0,0,1,0,0,1,0,0,1,0,1,0,0,1,1,0,0,1,0,0,1,0,1,1,1,0,1,0,0,1,0,0,1,0,1,1,1,0,1,1,1,0,0,0,0,0,1,1,0,1,1,0,1,1,1,0,0,1,0,0,0,0,1,0,0,0,1
62 64 0,1,1,1,1,0,1,0,1,1,0,1,1,0,0,0,1,0,1,0,1,0,0,0,0,0,0,0,0,0,1,0,1,0,0,1,0,0,1,0,0,1,0,1,0,0,1,1,0,0,1,0,0,1,0,1,1,1,0,1,0,0,1,0,0,1,0,1,1,1,0,1,1,1,0,0,0,0,0,1,1,0,1,1,0,1,1,1,0,0,1,0,0,0,0,1,0,0,0,1
62 65 0,1,1,1,1,0,1,0,1,1,0,1,1,0,0,0,1,0,1,0,1,0,0,0,0,0,0,0,0,0,1,0,1,0,0,1,0,0,1,0,0,1,0,1,0,0,1,1,0,0,1,0,0,1,0,1,1,1,0,1,0,0,1,0,0,1,0,1,1,1,0,1,1,1,0,0,0,0,0,1,1,0,1,1,0,1,1,1,0,0,1,0,0,0,0,1,0,0,0,1
62 66 0,1,1,1,1,0,1,0,1,1,0,1,1,0,0,0,1,0,1,0,1,0,0,0,0,0,0,0,0,0,1,0,1,0,0,1,0,0,1,0,0,1,0,1,0,0,1,1,0,0,1,0,0,1,0,1,1,1,0,1,0,0,1,0,0,1,0,1,1,1,0,1,1,1,0,0,0,0,0,1,1,0,1,1,0,1,1,1,0,0,1,0,0,0,0,1,0,0,0,1
62 67 0,1,1,1,1,0,1,0,1,1,0,1,1,0,0,0,1,0,1,0,1,0,0,0,0,0,0,0,0,0,1,0,1,0,0,1,0,0,1,0,0,1,0,1,0,0,1,1,0,0,1,0,0,1,0,1,1,1,0,1,0,0,1,0,0,1,0,1,1,1,0,1,1,1,0,0,0,0,0,1,1,0,1,1,0,1,1,1,0,0,1,0,0,0,0,1,0,0,0,1
62 68 0,1,1,1,1,0,1,0,1,1,0,1,1,0,0,0,1,0,1,0,1,0,0,0,0,0,0,0,0,0,1,0,1,0,0,1,0,0,1,0,0,1,0,1,0,0,1,1,0,0,1,0,0,1,0,1,1,1,0,1,0,0,1,0,0,1,0,1,1,1,0,1,1,1,0,0,0,0,0,1,1,0,1,1,0,1,1,1,0,0,1,0,0,0,0,1,0,0,0,1
62 69 0,1,1,1,1,0,1,0,1,1,0,1,1,0,0,0,1,0,1,0,1,0,0,0,0,0,0,0,0,0,1,0,1,0,0,1,0,0,1,0,0,1,0,1,0,0,1,1,0,0,1,0,0,1,0,1,1,1,0,1,0,0,1,0,0,1,0,1,1,1,0,1,1,1,0,0,0,0,0,1,1,0,1,1,0,1,1,1,0,0,1,0,0,0,0,1,0,0,0,1
63 64 0,1,1,1,1,0,1,0,1,1,0,1,1,0,0,0,1,0,1,0,1,0,0,0,0,0,0,0,0,0,1,0,1,0,0,1,0,0,1,0,0,1,0,1,0,0,1,1,0,0,1,0,0,1,0,1,1,1,0,1,0,0,1,0,0,1,0,1,1,1,0,1,1,1,0,0,0,0,0,1,1,0,1,1,0,1,1,1,0,0,1,0,0,0,0,1,0,0,0,1
63 65 0,1,1,1,1,0,1,0,1,1,0,1,1,0,0,0,1,0,1,0,1,0,0,0,0,0,0,0,0,0,1,0,1,0,0,1,0,0,1,0,0,1,0,1,0,0,1,1,0,0,1,0,0,1,0,1,1,1,0,1,0,0,1,0,0,1,0,1,1,1,0,1,1,1,0,0,0,0,0,1,1,0,1,1,0,1,1,1,0,0,1,0,0,0,0,1,0,0,0,1
63 66 0,1,1,1,1,0,1,0,1,1,0,1,1,0,0,0,1,0,1,0,1,0,0,0,0,0,0,0,0,0,1,0,1,0,0,1,0,0,1,0,0,1,0,1,0,0,1,1,0,0,1,0,0,1,0,1,1,1,0,1,0,0,1,0,0,1,0,1,1,1,0,1,1,1,0,0,0,0,0,1,1,0,1,1,0,1,1,1,0,0,1,0,0,0,0,1,0,0,0,1
63 67 0,1,1,1,1,0,1,0,1,1,0,1,1,0,0,0,1,0,1,0,1,0,0,0,0,0,0,0,0,0,1,0,1,0,0,1,0,0,1,0,0,1,0,1,0,0,1,1,0,0,1,0,0,1,0,1,1,1,0,1,0,0,1,0,0,1,0,1,1,1,0,1,1,1,0,0,0,0,0,1,1,0,1,1,0,1,1,1,0,0,1,0,0,0,0,1,0,0,0,1
63 68 0,1,1,1,1,0,1,0,1,1,0,1,1,0,0,0,1,0,1,0,1,0,0,0,0,0,0,0,0,0,1,0,1,0,0,1,0,0,1,0,0,1,0,1,0,0,1,1,0,0,1,0,0,1,0,1,1,1,0,1,0,0,1,0,0,1,0,1,1,1,0,1,1,1,0,0,0,0,0,1,1,0,1,1,0,1,1,1,0,0,1,0,0,0,0,1,0,0,0,1
63 69 0,1,1,1,1,0,1,0,1,1,0,1,1,0,0,0,1,0,1,0,1,0,0,0,0,0,0,0,0,0,1,0,1,0,0,1,0,0,1,0,0,1,0,1,0,0,1,1,0,0,1,0,0,1,0,1,1,1,0,1,0,0,1,0,0,1,0,1,1,1,0,1,1,1,0,0,0,0,0,1,1,0,1,1,0,1,1,1,0,0,1,0,0,0,0,1,0,0,0,1
64 65 0,1,1,1,1,0,1,0,1,1,0,1,1,0,0,0,1,0,1,0,1,0,0,0,0,0,0,0,0,0,1,0,1,0,0,1,0,0,1,0,0,1,0,1,0,0,1,1,0,0,1,0,0,1,0,1,1,1,0,1,0,0,1,0,0,1,0,1,1,1,0,1,1,1,0,0,0,0,0,1,1,0,1,1,0,1,1,1,0,0,1,0,0,0,0,1,0,0,0,1
64 66 0,1,1,1,1,0,1,0,1,1,0,1,1,0,0,0,1,0,1,0,1,0,0,0,0,0,0,0,0,0,1,0,1,0,0,1,0,0,1,0,0,1,0,1,0,0,1,1,0,0,1,0,0,1,0,1,1,1,0,1,0,0,1,0,0,1,0,1,1,1,0,1,1,1,0,0,0,0,0,1,1,0,1,1,0,1,1,1,0,0,1,0,0,0,0,1,0,0,0,1
64 67 0,1,1,1,1,0,1,0,1,1,0,1,1,0,0,0,1,0,1,0,1,0,0,0,0,0,0,0,0,0,1,0,1,0,0,1,0,0,1,0,0,1,0,1,0,0,1,1,0,0,1,0,0,1,0,1,1,1,0,1,0,0,1,0,0,1,0,1,1,1,0,1,1,1,0,0,0,0,0,1,1,0,1,1,0,1,1,1,0,0,1,0,0,0,0,1,0,0,0,1
64 68 0,1,1,1,1,0,1,0,1,1,0,1,1,0,0,0,1,0,1,0,1,0,0,0,0,0,0,0,0,0,1,0,1,0,0,1,0,0,1,0,0,1,0,1,0,0,1,1,0,0,1,0,0,1,0,1,1,1,0,1,0,0,1,0,0,1,0,1,1,1,0,1,1,1,0,0,0,0,0,1,1,0,1,1,0,1,1,1,0,0,1,0,0,0,0,1,0,0,0,1
64 69 0,1,1,1,1,0,1,0,1,1,0,1,1,0,0,0,1,0,1,0,1,0,0,0,0,0,0,0,0,0,1,0,1,0,0,1,0,0,1,0,0,1,0,1,0,0,1,1,0,0,1,0,0,1,0,1,1,1,0,1,0,0,1,0,0,1,0,1,1,1,0,1,1,1,0,0,0,0,0,1,1,0,1,1,0,1,1,1,0,0,1,0,0,0,0,1,0,0,0,1
65 66 0,1,1,1,1,0,1,0,1,1,0,1,1,0,0,0,1,0,1,0,1,0,0,0,0,0,0,0,0,0,1,0,1,0,0,1,0,0,1,0,0,1,0,1,0,0,1,1,0,0,1,0,0,1,0,1,1,1,0,1,0,0,1,0,0,1,0,1,1,1,0,1,1,1,0,0,0,0,0,1,1,0,1,1,0,1,1,1,0,0,1,0,0,0,0,1,0,0,0,1
65 67 0,1,1,1,1,0,1,0,1,1,0,1,1,0,0,0,1,0,1,0,1,0,0,0,0,0,0,0,0,0,1,0,1,0,0,1,0,0,1,0,0,1,0,1,0,0,1,1,0,0,1,0,0,1,0,1,1,1,0,1,0,0,1,0,0,1,0,1,1,1,0,1,1,1,0,0,0,0,0,1,1,0,1,1,0,1,1,1,0,0,1,0,0,0,0,1,0,0,0,1
65 68 0,1,1,1,1,0,1,0,1,1,0,1,1,0,0,0,1,0,1,0,1,0,0,0,0,0,0,0,0,0,1,0,1,0,0,1,0,0,1,0,0,1,0,1,0,0,1,1,0,0,1,0,0,1,0,1,1,1,0,1,0,0,1,0,0,1,0,1,1,1,0,1,1,1,0,0,0,0,0,1,1,0,1,1,0,1,1,1,0,0,1,0,0,0,0,1,0,0,0,1
65 69 0,1,1,1,1,0,1,0,1,1,0,1,1,0,0,0,1,0,1,0,1,0,0,0,0,0,0,0,0,0,1,0,1,0,0,1,0,0,1,0,0,1,0,1,0,0,1,1,0,0,1,0,0,1,0,1,1,1,0,1,0,0,1,0,0,1,0,1,1,1,0,1,1,1,0,0,0,0,0,1,1,0,1,1,0,1,1,1,0,0,1,0,0,0,0,1,0,0,0,1
66 67 0,1,1,1,1,0,1,0,1,1,0,1,1,0,0,0,1,0,1,0,1,0,0,0,0,0,0,0,0,0,1,0,1,0,0,1,0,0,1,0,0,1,0,1,0,0,1,1,0,0,1,0,0,1,0,1,1,1,0,1,0,0,1,0,0,1,0,1,1,1,0,1,1,1,0,0,0,0,0,1,1,0,1,1,0,1,1,1,0,0,1,0,0,0,0,1,0,0,0,1
66 68 0,1,1,1,1,0,1,0,1,1,0,1,1,0,0,0,1,0,1,0,1,0,0,0,0,0,0,0,0,0,1,0,1,0,0,1,0,0,1,0,0,1,0,1,0,0,1,1,0,0,1,0,0,1,0,1,1,1,0,1,0,0,1,0,0,1,0,1,1,1,0,1,1,1,0,0,0,0,0,1,1,0,1,1,0,1,1,1,0,0,1,0,0,0,0,1,0,0,0,1
66 69 0,1,1,1,1,0,1,0,1,1,0,1,1,0,0,0,1,0,1,0,1,0,0,0,0,0,0,0,0,0,1,0,1,0,0,1,0,0,1,0,0,1,0,1,0,0,1,1,0,0,1,0,0,1,0,1,1,1,0,1,0,0,1,0,0,1,0,1,1,1,0,1,1,1,0,0,0,0,0,1,1,0,1,1,0,1,1,1,0,0,1,0,0,0,0,1,0,0,0,1
67 68 0,1,1,1,1,0,1,0,1,1,0,1,1,0,0,0,1,0,1,0,1,0,0,0,0,0,0,0,0,0,1,0,1,0,0,1,0,0,1,0,0,1,0,1,0,0,1,1,0,0,1,0,0,1,0,1,1,1,0,1,0,0,1,0,0,1,0,1,1,1,0,1,1,1,0,0,0,0,0,1,1,0,1,1,0,1,1,1,0,0,1,0,0,0,0,1,0,0,0,1
67 69 0,1,1,1,1,0,1,0,1,1,0,1,1,0,0,0,1,0,1,0,1,0,0,0,0,0,0,0,0,0,1,0,1,0,0,1,0,0,1,0,0,1,0,1,0,0,1,1,0,0,1,0,0,1,0,1,1,1,0,1,0,0,1,0,0,1,0,1,1,1,0,1,1,1,0,0,0,0,0,1,1,0,1,1,0,1,1,1,0,0,1,0,0,0,0,1,0,0,0,1
68 69 0,1,1,1,1,0,1,0,1,1,0,1,1,0,0,0,1,0,1,0,1,0,0,0,0,0,0,0,0,0,1,0,1,0,0,1,0,0,1,0,0,1,0,1,0,0,1,1,0,0,1,0,0,1,0,1,1,1,0,1,0,0,1,0,0,1,0,1,1,1,0,1,1,1,0,0,0,0,0,1,1,0,1,1,0,1,1,1,0,0,1,0,0,0,0,1,0,0,0,1
69 70 0,0,1,1,0,0,1,1,1,0,0,0,0,0,1,0,1,0,1,0,0,1,1,1,0,1,1,0,0,0,0,1,0,0,0,0,0,0,0,1,1,0,0,1,0,1,1,0,0,0,0,1,1,0,0,1,0,1,1,0,0,0,0,1,1,0,0,1,1,1,1,1,1,0,1,0,0,1,1,1,0,1,1,0,0,1,1,1,1,0,1,1,0,0,0,0,0,1,0,0
70 72 1,1,0,1,1,1,0,1,0,0,1,0,1,1,0,0,0,0,0,1,0,1,1,1,0,1,0,1,1,0,1,0,1,1,1,0,0,1,1,0,1,1,0,0,0,0,1,1,0,1,0,0,0,1,0,0,0,1,0,1,0,0,0,0,0,1,0,1,0,1,1,0,1,1,1,0,1,0,0,0,0,1,0,1,1,0,1,1,1,0,0,0,1,1,0,1,1,1,1,0
70 73 1,1,0,1,1,1,0,1,0,0,1,0,1,1,0,0,0,0,0,1,0,1,1,1,0,1,0,1,1,0,1,0,1,1,1,0,0,1,1,0,1,1,0,0,0,0,1,1,0,1,0,0,0,1,0,0,0,1,0,1,0,0,0,0,0,1,0,1,0,1,1,0,1,1,1,0,1,0,0,0,0,1,0,1,1,0,1,1,1,0,0,0,1,1,0,1,1,1,1,0
70 74 1,1,0,1,1,1,0,1,0,0,1,0,1,1,0,0,0,0,0,1,0,1,1,1,0,1,0,1,1,0,1,0,1,1,1,0,0,1,1,0,1,1,0,0,0,0,1,1,0,1,0,0,0,1,0,0,0,1,0,1,0,0,0,0,0,1,0,1,0,1,1,0,1,1,1,0,1,0,0,0,0,1,0,1,1,0,1,1,1,0,0,0,1,1,0,1,1,1,1,0
70 75 1,1,0,1,1,1,0,1,0,0,1,0,1,1,0,0,0,0,0,1,0,1,1,1,0,1,0,1,1,0,1,0,1,1,1,0,0,1,1,0,1,1,0,0,0,0,1,1,0,1,0,0,0,1,0,0,0,1,0,1,0,0,0,0,0,1,0,1,0,1,1,0,1,1,1,0,1,0,0,0,0,1,0,1,1,0,1,1,1,0,0,0,1,1,0,1,1,1,1,0
70 76 1,1,0,1,1,1,0,1,0,0,1,0,1,1,0,0,0,0,0,1,0,1,1,1,0,1,0,1,1,0,1,0,1,1,1,0,0,1,1,0,1,1,0,0,0,0,1,1,0,1,0,0,0,1,0,0,0,1,0,1,0,0,0,0,0,1,0,1,0,1,1,0,1,1,1,0,1,0,0,0,0,1,0,1,1,0,1,1,1,0,0,0,1,1,0,1,1,1,1,0
70 77 1,1,0,1,1,1,0,1,0,0,1,0,1,1,0,0,0,0,0,1,0,1,1,1,0,1,0,1,1,0,1,0,1,1,1,0,0,1,1,0,1,1,0,0,0,0,1,1,0,1,0,0,0,1,0,0,0,1,0,1,0,0,0,0,0,1,0,1,0,1,1,0,1,1,1,0,1,0,0,0,0,1,0,1,1,0,1,1,1,0,0,0,1,1,0,1,1,1,1,0
70 78 1,1,0,1,1,1,0,1,0,0,1,0,1,1,0,0,0,0,0,1,0,1,1,1,0,1,0,1,1,0,1,0,1,1,1,0,0,1,1,0,1,1,0,0,0,0,1,1,0,1,0,0,0,1,0,0,0,1,0,1,0,0,0,0,0,1,0,1,0,1,1,0,1,1,1,0,1,0,0,0,0,1,0,1,1,0,1,1,1,0,0,0,1,1,0,1,1,1,1,0
70 79 1,1,0,1,1,1,0,1,0,0,1,0,1,1,0,0,0,0,0,1,0,1,1,1,0,1,0,1,1,0,1,0,1,1,1,0,0,1,1,0,1,1,0,0,0,0,1,1,0,1,0,0,0,1,0,0,0,1,0,1,0,0,0,0,0,1,0,1,0,1,1,0,1,1,1,0,1,0,0,0,0,1,0,1,1,0,1,1,1,0,0,0,1,1,0,1,1,1,1,0
71 72 1,1,0,1,1,1,0,1,0,0,1,0,1,1,0,0,0,0,0,1,0,1,1,1,0,1,0,1,1,0,1,0,1,1,1,0,0,1,1,0,1,1,0,0,0,0,1,1,0,1,0,0,0,1,0,0,0,1,0,1,0,0,0,0,0,1,0,1,0,1,1,0,1,1,1,0,1,0,0,0,0,1,0,1,1,0,1,1,1,0,0,0,1,1,0,1,1,1,1,0
71 73 1,1,0,1,1,1,0,1,0,0,1,0,1,1,0,0,0,0,0,1,0,1,1,1,0,1,0,1,1,0,1,0,1,1,1,0,0,1,1,0,1,1,0,0,0,0,1,1,0,1,0,0,0,1,0,0,0,1,0,1,0,0,0,0,0,1,0,1,0,1,1,0,1,1,1,0,1,0,0,0,0,1,0,1,1,0,1,1,1,0,0,0,1,1,0,1,1,1,1,0
71 74 1,1,0,1,1,1,0,1,0,0,1,0,1,1,0,0,0,0,0,1,0,1,1,1,0,1,0,1,1,0,1,0,1,1,1,0,0,1,1,0,1,1,0,0,0,0,1,1,0,1,0,0,0,1,0,0,0,1,0,1,0,0,0,0,0,1,0,1,0,1,1,0,1,1,1,0,1,0,0,0,0,1,0,1,1,0,1,1,1,0,0,0,1,1,0,1,1,1,1,0
71 75 1,1,0,1,1,1,0,1,0,0,1,0,1,1,0,0,0,0,0,1,0,1,1,1,0,1,0,1,1,0,1,0,1,1,1,0,0,1,1,0,1,1,0,0,0,0,1,1,0,1,0,0,0,1,0,0,0,1,0,1,0,0,0,0,0,1,0,1,0,1,1,0,1,1,1,0,1,0,0,0,0,1,0,1,1,0,1,1,1,0,0,0,1,1,0,1,1,1,1,0
71 76 1,1,0,1,1,1,0,1,0,0,1,0,1,1,0,0,0,0,0,1,0,1,1,1,0,1,0,1,1,0,1,0,1,1,1,0,0,1,1,0,1,1,0,0,0,0,1,1,0,1,0,0,0,1,0,0,0,1,0,1,0,0,0,0,0,1,0,1,0,1,1,0,1,1,1,0,1,0,0,0,0,1,0,1,1,0,1,1,1,0,0,0,1,1,0,1,1,1,1,0
71 77 1,1,0,1,1,1,0,1,0,0,1,0,1,1,0,0,0,0,0,1,0,1,1,1,0,1,0,1,1,0,1,0,1,1,1,0,0,1,1,0,1,1,0,0,0,0,1,1,0,1,0,0,0,1,0,0,0,1,0,1,0,0,0,0,0,1,0,1,0,1,1,0,1,1,1,0,1,0,0,0,0,1,0,1,1,0,1,1,1,0,0,0,1,1,0,1,1,1,1,0
71 78 1,1,0,1,1,1,0,1,0,0,1,0,1,1,0,0,0,0,0,1,0,1,1,1,0,1,0,1,1,0,1,0,1,1,1,0,0,1,1,0,1,1,0,0,0,0,1,1,0,1,0,0,0,1,0,0,0,1,0,1,0,0,0,0,0,1,0,1,0,1,1,0,1,1,1,0,1,0,0,0,0,1,0,1,1,0,1,1,1,0,0,0,1,1,0,1,1,1,1,0
71 79 1,1,0,1,1,1,0,1,0,0,1,0,1,1,0,0,0,0,0,1,0,1,1,1,0,1,0,1,1,0,1,0,1,1,1,0,0,1,1,0,1,1,0,0,0,0,1,1,0,1,0,0,0,1,0,0,0,1,0,1,0,0,0,0,0,1,0,1,0,1,1,0,1,1,1,0,1,0,0,0,0,1,0,1,1,0,1,1,1,0,0,0,1,1,0,1,1,1,1,0
72 73 1,1,0,1,1,1,0,1,0,0,1,0,1,1,0,0,0,0,0,1,0,1,1,1,0,1,0,1,1,0,1,0,1,1,1,0,0,1,1,0,1,1,0,0,0,0,1,1,0,1,0,0,0,1,0,0,0,1,0,1,0,0,0,0,0,1,0,1,0,1,1,0,1,1,1,0,1,0,0,0,0,1,0,1,1,0,1,1,1,0,0,0,1,1,0,1,1,1,1,0
72 74 1,1,0,1,1,1,0,1,0,0,1,0,1,1,0,0,0,0,0,1,0,1,1,1,0,1,0,1,1,0,1,0,1,1,1,0,0,1,1,0,1,1,0,0,0,0,1,1,0,1,0,0,0,1,0,0,0,1,0,1,0,0,0,0,0,1,0,1,0,1,1,0,1,1,1,0,1,0,0,0,0,1,0,1,1,0,1,1,1,0,0,0,1,1,0,1,1,1,1,0
72 75 1,1,0,1,1,1,0,1,0,0,1,0,1,1,0,0,0,0,0,1,0,1,1,1,0,1,0,1,1,0,1,0,1,1,1,0,0,1,1,0,1,1,0,0,0,0,1,1,0,1,0,0,0,1,0,0,0,1,0,1,0,0,0,0,0,1,0,1,0,1,1,0,1,1,1,0,1,0,0,0,0,1,0,1,1,0,1,1,1,0,0,0,1,1,0,1,1,1,1,0
72 76 1,1,0,1,1,1,0,1,0,0,1,0,1,1,0,0,0,0,0,1,0,1,1,1,0,1,0,1,1,0,1,0,1,1,1,0,0,1,1,0,1,1,0,0,0,0,1,1,0,1,0,0,0,1,0,0,0,1,0,1,0,0,0,0,0,1,0,1,0,1,1,0,1,1,1,0,1,0,0,0,0,1,0,1,1,0,1,1,1,0,0,0,1,1,0,1,1,1,1,0
72 77 1,1,0,1,1,1,0,1,0,0,1,0,1,1,0,0,0,0,0,1,0,1,1,1,0,1,0,1,1,0,1,0,1,1,1,0,0,1,1,0,1,1,0,0,0,0,1,1,0,1,0,0,0,1,0,0,0,1,0,1,0,0,0,0,0,1,0,1,0,1,1,0,1,1,1,0,1,0,0,0,0,1,0,1,1,0,1,1,1,0,0,0,1,1,0,1,1,1,1,0
72 78 1,1,0,1,1,1,0,1,0,0,1,0,1,1,0,0,0,0,0,1,0,1,1,1,0,1,0,1,1,0,1,0,1,1,1,0,0,1,1,0,1,1,0,0,0,0,1,1,0,1,0,0,0,1,0,0,0,1,0,1,0,0,0,0,0,1,0,1,0,1,1,0,1,1,1,0,1,0,0,0,0,1,0,1,1,0,1,1,1,0,0,0,1,1,0,1,1,1,1,0
72 79 1,1,0,1,1,1,0,1,0,0,1,0,1,1,0,0,0,0,0,1,0,1,1,1,0,1,0,1,1,0,1,0,1,1,1,0,0,1,1,0,1,1,0,0,0,0,1,1,0,1,0,0,0,1,0,0,0,1,0,1,0,0,0,0,0,1,0,1,0,1,1,0,1,1,1,0,1,0,0,0,0,1,0,1,1,0,1,1,1,0,0,0,1,1,0,1,1,1,1,0
73 74 1,1,0,1,1,1,0,1,0,0,1,0,1,1,0,0,0,0,0,1,0,1,1,1,0,1,0,1,1,0,1,0,1,1,1,0,0,1,1,0,1,1,0,0,0,0,1,1,0,1,0,0,0,1,0,0,0,1,0,1,0,0,0,0,0,1,0,1,0,1,1,0,1,1,1,0,1,0,0,0,0,1,0,1,1,0,1,1,1,0,0,0,1,1,0,1,1,1,1,0
73 75 1,1,0,1,1,1,0,1,0,0,1,0,1,1,0,0,0,0,0,1,0,1,1,1,0,1,0,1,1,0,1,0,1,1,1,0,0,1,1,0,1,1,0,0,0,0,1,1,0,1,0,0,0,1,0,0,0,1,0,1,0,0,0,0,0,1,0,1,0,1,1,0,1,1,1,0,1,0,0,0,0,1,0,1,1,0,1,1,1,0,0,0,1,1,0,1,1,1,1,0
73 76 1,1,0,1,1,1,0,1,0,0,1,0,1,1,0,0,0,0,0,1,0,1,1,1,0,1,0,1,1,0,1,0,1,1,1,0,0,1,1,0,1,1,0,0,0,0,1,1,0,1,0,0,0,1,0,0,0,1,0,1,0,0,0,0,0,1,0,1,0,1,1,0,1,1,1,0,1,0,0,0,0,1,0,1,1,0,1,1,1,0,0,0,1,1,0,1,1,1,1,0
73 77 1,1,0,1,1,1,0,1,0,0,1,0,1,1,0,0,0,0,0,1,0,1,1,1,0,1,0,1,1,0,1,0,1,1,1,0,0,1,1,0,1,1,0,0,0,0,1,1,0,1,0,0,0,1,0,0,0,1,0,1,0,0,0,0,0,1,0,1,0,1,1,0,1,1,1,0,1,0,0,0,0,1,0,1,1,0,1,1,1,0,0,0,1,1,0,1,1,1,1,0
73 78 1,1,0,1,1,1,0,1,0,0,1,0,1,1,0,0,0,0,0,1,0,1,1,1,0,1,0,1,1,0,1,0,1,1,1,0,0,1,1,0,1,1,0,0,0,0,1,1,0,1,0,0,0,1,0,0,0,1,0,1,0,0,0,0,0,1,0,1,0,1,1,0,1,1,1,0,1,0,0,0,0,1,0,1,1,0,1,1,1,0,0,0,1,1,0,1,1,1,1,0
73 79 1,1,0,1,1,1,0,1,0,0,1,0,1,1,0,0,0,0,0,1,0,1,1,1,0,1,0,1,1,0,1,0,1,1,1,0,0,1,1,0,1,1,0,0,0,0,1,1,0,1,0,0,0,1,0,0,0,1,0,1,0,0,0,0,0,1,0,1,0,1,1,0,1,1,1,0,1,0,0,0,0,1,0,1,1,0,1,1,1,0,0,0,1,1,0,1,1,1,1,0
74 75 1,1,0,1,1,1,0,1,0,0,1,0,1,1,0,0,0,0,0,1,0,1,1,1,0,1,0,1,1,0,1,0,1,1,1,0,0,1,1,0,1,1,0,0,0,0,1,1,0,1,0,0,0,1,0,0,0,1,0,1,0,0,0,0,0,1,0,1,0,1,1,0,1,1,1,0,1,0,0,0,0,1,0,1,1,0,1,1,1,0,0,0,1,1,0,1,1,1,1,0
74 76 1,1,0,1,1,1,0,1,0,0,1,0,1,1,0,0,0,0,0,1,0,1,1,1,0,1,0,1,1,0,1,0,1,1,1,0,0,1,1,0,1,1,0,0,0,0,1,1,0,1,0,0,0,1,0,0,0,1,0,1,0,0,0,0,0,1,0,1,0,1,1,0,1,1,1,0,1,0,0,0,0,1,0,1,1,0,1,1,1,0,0,0,1,1,0,1,1,1,1,0
74 77 1,1,0,1,1,1,0,1,0,0,1,0,1,1,0,0,0,0,0,1,0,1,1,1,0,1,0,1,1,0,1,0,1,1,1,0,0,1,1,0,1,1,0,0,0,0,1,1,0,1,0,0,0,1,0,0,0,1,0,1,0,0,0,0,0,1,0,1,0,1,1,0,1,1,1,0,1,0,0,0,0,1,0,1,1,0,1,1,1,0,0,0,1,1,0,1,1,1,1,0
74 78 1,1,0,1,1,1,0,1,0,0,1,0,1,1,0,0,0,0,0,1,0,1,1,1,0,1,0,1,1,0,1,0,1,1,1,0,0,1,1,0,1,1,0,0,0,0,1,1,0,1,0,0,0,1,0,0,0,1,0,1,0,0,0,0,0,1,0,1,0,1,1,0,1,1,1,0,1,0,0,0,0,1,0,1,1,0,1,1,1,0,0,0,1,1,0,1,1,1,1,0
74 79 1,1,0,1,1,1,0,1,0,0,1,0,1,1,0,0,0,0,0,1,0,1,1,1,0,1,0,1,1,0,1,0,1,1,1,0,0,1,1,0,1,1,0,0,0,0,1,1,0,1,0,0,0,1,0,0,0,1,0,1,0,0,0,0,0,1,0,1,0,1,1,0,1,1,1,0,1,0,0,0,0,1,0,1,1,0,1,1,1,0,0,0,1,1,0,1,1,1,1,0
75 76 1,1,0,1,1,1,0,1,0,0,1,0,1,1,0,0,0,0,0,1,0,1,1,1,0,1,0,1,1,0,1,0,1,1,1,0,0,1,1,0,1,1,0,0,0,0,1,1,0,1,0,0,0,1,0,0,0,1,0,1,0,0,0,0,0,1,0,1,0,1,1,0,1,1,1,0,1,0,0,0,0,1,0,1,1,0,1,1,1,0,0,0,1,1,0,1,1,1,1,0
75 77 1,1,0,1,1,1,0,1,0,0,1,0,1,1,0,0,0,0,0,1,0,1,1,1,0,1,0,1,1,0,1,0,1,1,1,0,0,1,1,0,1,1,0,0,0,0,1,1,0,1,0,0,0,1,0,0,0,1,0,1,0,0,0,0,0,1,0,1,0,1,1,0,1,1,1,0,1,0,0,0,0,1,0,1,1,0,1,1,1,0,0,0,1,1,0,1,1,1,1,0
75 78 1,1,0,1,1,1,0,1,0,0,1,0,1,1,0,0,0,0,0,1,0,1,1,1,0,1,0,1,1,0,1,0,1,1,1,0,0,1,1,0,1,1,0,0,0,0,1,1,0,1,0,0,0,1,0,0,0,1,0,1,0,0,0,0,0,1,0,1,0,1,1,0,1,1,1,0,1,0,0,0,0,1,0,1,1,0,1,1,1,0,0,0,1,1,0,1,1,1,1,0
75 79 1,1,0,1,1,1,0,1,0,0,1,0,1,1,0,0,0,0,0,1,0,1,1,1,0,1,0,1,1,0,1,0,1,1,1,0,0,1,1,0,1,1,0,0,0,0,1,1,0,1,0,0,0,1,0,0,0,1,0,1,0,0,0,0,0,1,0,1,0,1,1,0,1,1,1,0,1,0,0,0,0,1,0,1,1,0,1,1,1,0,0,0,1,1,0,1,1,1,1,0
76 77 1,1,0,1,1,1,0,1,0,0,1,0,1,1,0,0,0,0,0,1,0,1,1,1,0,1,0,1,1,0,1,0,1,1,1,0,0,1,1,0,1,1,0,0,0,0,1,1,0,1,0,0,0,1,0,0,0,1,0,1,0,0,0,0,0,1,0,1,0,1,1,0,1,1,1,0,1,0,0,0,0,1,0,1,1,0,1,1,1,0,0,0,1,1,0,1,1,1,1,0
76 78 1,1,0,1,1,1,0,1,0,0,1,0,1,1,0,0,0,0,0,1,0,1,1,1,0,1,0,1,1,0,1,0,1,1,1,0,0,1,1,0,1,1,0,0,0,0,1,1,0,1,0,0,0,1,0,0,0,1,0,1,0,0,0,0,0,1,0,1,0,1,1,0,1,1,1,0,1,0,0,0,0,1,0,1,1,0,1,1,1,0,0,0,1,1,0,1,1,1,1,0
76 79 1,1,0,1,1,1,0,1,0,0,1,0,1,1,0,0,0,0,0,1,0,1,1,1,0,1,0,1,1,0,1,0,1,1,1,0,0,1,1,0,1,1,0,0,0,0,1,1,0,1,0,0,0,1,0,0,0,1,0,1,0,0,0,0,0,1,0,1,0,1,1,0,1,1,1,0,1,0,0,0,0,1,0,1,1,0,1,1,1,0,0,0,1,1,0,1,1,1,1,0
77 78 1,1,0,1,1,1,0,1,0,0,1,0,1,1,0,0,0,0,0,1,0,1,1,1,0,1,0,1,1,0,1,0,1,1,1,0,0,1,1,0,1,1,0,0,0,0,1,1,0,1,0,0,0,1,0,0,0,1,0,1,0,0,0,0,0,1,0,1,0,1,1,0,1,1,1,0,1,0,0,0,0,1,0,1,1,0,1,1,1,0,0,0,1,1,0,1,1,1,1,0
77 79 1,1,0,1,1,1,0,1,0,0,1,0,1,1,0,0,0,0,0,1,0,1,1,1,0,1,0,1,1,0,1,0,1,1,1,0,0,1,1,0,1,1,0,0,0,0,1,1,0,1,0,0,0,1,0,0,0,1,0,1,0,0,0,0,0,1,0,1,0,1,1,0,1,1,1,0,1,0,0,0,0,1,0,1,1,0,1,1,1,0,0,0,1,1,0,1,1,1,1,0
78 79 1,1,0,1,1,1,0,1,0,0,1,0,1,1,0,0,0,0,0,1,0,1,1,1,0,1,0,1,1,0,1,0,1,1,1,0,0,1,1,0,1,1,0,0,0,0,1,1,0,1,0,0,0,1,0,0,0,1,0,1,0,0,0,0,0,1,0,1,0,1,1,0,1,1,1,0,1,0,0,0,0,1,0,1,1,0,1,1,1,0,0,0,1,1,0,1,1,1,1,0
79 80 1,1,0,0,0,0,0,1,0,0,1,1,0,0,1,1,1,1,0,0,1,0,0,1,0,1,0,0,1,1,1,0,0,0,0,0,1,1,1,1,0,1,1,1,0,1,1,1,0,1,0,0,0,0,0,1,0,1,1,1,0,0,0,1,0,1,1,0,0,1,0,1,0,0,0,1,0,0,0,0,1,0,1,0,0,1,1,0,0,1,1,1,0,1,0,1,1,1,1,1
80 82 1,0,1,0,0,0,1,1,1,0,0,1,0,1,1,0,1,0,0,0,0,1,0,0,0,1,0,1,1,0,0,1,0,1,0,1,0,0,1,1,0,1,1,1,0,0,0,0,0,1,1,0,1,1,1,1,0,1,1,1,0,1,0,0,0,1,0,1,1,0,1,1,0,1,1,0,1,0,1,0,1,1,0,0,1,0,1,0,0,1,1,1,1,1,1,1,0,1,1,0
80 83 1,0,1,0,0,0,1,1,1,0,0,1,0,1,1,0,1,0,0,0,0,1,0,0,0,1,0,1,1,0,0,1,0,1,0,1,0,0,1,1,0,1,1,1,0,0,0,0,0,1,1,0,1,1,1,1,0,1,1,1,0,1,0,0,0,1,0,1,1,0,1,1,0,1,1,0,1,0,1,0,1,1,0,0,1,0,1,0,0,1,1,1,1,1,1,1,0,1,1,0
80 84 1,0,1,0,0,0,1,1,1,0,0,1,0,1,1,0,1,0,0,0,0,1,0,0,0,1,0,1,1,0,0,1,0,1,0,1,0,0,1,1,0,1,1,1,0,0,0,0,0,1,1,0,1,1,1,1,0,1,1,1,0,1,0,0,0,1,0,1,1,0,1,1,0,1,1,0,1,0,1,0,1,1,0,0,1,0,1,0,0,1,1,1,1,1,1,1,0,1,1,0
80 85 1,0,1,0,0,0,1,1,1,0,0,1,0,1,1,0,1,0,0,0,0,1,0,0,0,1,0,1,1,0,0,1,0,1,0,1,0,0,1,1,0,1,1,1,0,0,0,0,0,1,1,0,1,1,1,1,0,1,1,1,0,1,0,0,0,1,0,1,1,0,1,1,0,1,1,0,1,0,1,0,1,1,0,0,1,0,1,0,0,1,1,1,1,1,1,1,0,1,1,0
80 86 1,0,1,0,0,0,1,1,1,0,0,1,0,1,1,0,1,0,0,0,0,1,0,0,0,1,0,1,1,0,0,1,0,1,0,1,0,0,1,1,0,1,1,1,0,0,0,0,0,1,1,0,1,1,1,1,0,1,1,1,0,1,0,0,0,1,0,1,1,0,1,1,0,1,1,0,1,0,1,0,1,1,0,0,1,0,1,0,0,1,1,1,1,1,1,1,0,1,1,0
80 87 1,0,1,0,0,0,1,1,1,0,0,1,0,1,1,0,1,0,0,0,0,1,0,0,0,1,0,1,1,0,0,1,0,1,0,1,0,0,1,1,0,1,1,1,0,0,0,0,0,1,1,0,1,1,1,1,0,1,1,1,0,1,0,0,0,1,0,1,1,0,1,1,0,1,1,0,1,0,1,0,1,1,0,0,1,0,1,0,0,1,1,1,1,1,1,1,0,1,1,0
80 88 1,0,1,0,0,0,1,1,1,0,0,1,0,1,1,0,1,0,0,0,0,1,0,0,0,1,0,1,1,0,0,1,0,1,0,1,0,0,1,1,0,1,1,1,0,0,0,0,0,1,1,0,1,1,1,1,0,1,1,1,0,1,0,0,0,1,0,1,1,0,1,1,0,1,1,0,1,0,1,0,1,1,0,0,1,0,1,0,0,1,1,1,1,1,1,1,0,1,1,0
80 89 1,0,1,0,0,0,1,1,1,0,0,1,0,1,1,0,1,0,0,0,0,1,0,0,0,1,0,1,1,0,0,1,0,1,0,1,0,0,1,1,0,1,1,1,0,0,0,0,0,1,1,0,1,1,1,1,0,1,1,1,0,1,0,0,0,1,0,1,1,0,1,1,0,1,1,0,1,0,1,0,1,1,0,0,1,0,1,0,0,1,1,1,1,1,1,1,0,1,1,0
81 82 1,0,1,0,0,0,1,1,1,0,0,1,0,1,1,0,1,0,0,0,0,1,0,0,0,1,0,1,1,0,0,1,0,1,0,1,0,0,1,1,0,1,1,1,0,0,0,0,0,1,1,0,1,1,1,1,0,1,1,1,0,1,0,0,0,1,0,1,1,0,1,1,0,1,1,0,1,0,1,0,1,1,0,0,1,0,1,0,0,1,1,1,1,1,1,1,0,1,1,0
81 83 1,0,1,0,0,0,1,1,1,0,0,1,0,1,1,0,1,0,0,0,0,1,0,0,0,1,0,1,1,0,0,1,0,1,0,1,0,0,1,1,0,1,1,1,0,0,0,0,0,1,1,0,1,1,1,1,0,1,1,1,0,1,0,0,0,1,0,1,1,0,1,1,0,1,1,0,1,0,1,0,1,1,0,0,1,0,1,0,0,1,1,1,1,1,1,1,0,1,1,0
81 84 1,0,1,0,0,0,1,1,1,0,0,1,0,1,1,0,1,0,0,0,0,1,0,0,0,1,0,1,1,0,0,1,0,1,0,1,0,0,1,1,0,1,1,1,0,0,0,0,0,1,1,0,1,1,1,1,0,1,1,1,0,1,0,0,0,1,0,1,1,0,1,1,0,1,1,0,1,0,1,0,1,1,0,0,1,0,1,0,0,1,1,1,1,1,1,1,0,1,1,0
81 85 1,0,1,0,0,0,1,1,1,0,0,1,0,1,1,0,1,0,0,0,0,1,0,0,0,1,0,1,1,0,0,1,0,1,0,1,0,0,1,1,0,1,1,1,0,0,0,0,0,1,1,0,1,1,1,1,0,1,1,1,0,1,0,0,0,1,0,1,1,0,1,1,0,1,1,0,1,0,1,0,1,1,0,0,1,0,1,0,0,1,1,1,1,1,1,1,0,1,1,0
81 86 1,0,1,0,0,0,1,1,1,0,0,1,0,1,1,0,1,0,0,0,0,1,0,0,0,1,0,1,1,0,0,1,0,1,0,1,0,0,1,1,0,1,1,1,0,0,0,0,0,1,1,0,1,1,1,1,0,1,1,1,0,1,0,0,0,1,0,1,1,0,1,1,0,1,1,0,1,0,1,0,1,1,0,0,1,0,1,0,0,1,1,1,1,1,1,1,0,1,1,0
81 87 1,0,1,0,0,0,1,1,1,0,0,1,0,1,1,0,1,0,0,0,0,1,0,0,0,1,0,1,1,0,0,1,0,1,0,1,0,0,1,1,0,1,1,1,0,0,0,0,0,1,1,0,1,1,1,1,0,1,1,1,0,1,0,0,0,1,0,1,1,0,1,1,0,1,1,0,1,0,1,0,1,1,0,0,1,0,1,0,0,1,1,1,1,1,1,1,0,1,1,0
81 88 1,0,1,0,0,0,1,1,1,0,0,1,0,1,1,0,1,0,0,0,0,1,0,0,0,1,0,1,1,0,0,1,0,1,0,1,0,0,1,1,0,1,1,1,0,0,0,0,0,1,1,0,1,1,1,1,0,1,1,1,0,1,0,0,0,1,0,1,1,0,1,1,0,1,1,0,1,0,1,0,1,1,0,0,1,0,1,0,0,1,1,1,1,1,1,1,0,1,1,0
81 89 1,0,1,0,0,0,1,1,1,0,0,1,0,1,1,0,1,0,0,0,0,1,0,0,0,1,0,1,1,0,0,1,0,1,0,1,0,0,1,1,0,1,1,1,0,0,0,0,0,1,1,0,1,1,1,1,0,1,1,1,0,1,0,0,0,1,0,1,1,0,1,1,0,1,1,0,1,0,1,0,1,1,0,0,1,0,1,0,0,1,1,1,1,1,1,1,0,1,1,0
82 83 1,0,1,0,0,0,1,1,1,0,0,1,0,1,1,0,1,0,0,0,0,1,0,0,0,1,0,1,1,0,0,1,0,1,0,1,0,0,1,1,0,1,1,1,0,0,0,0,0,1,1,0,1,1,1,1,0,1,1,1,0,1,0,0,0,1,0,1,1,0,1,1,0,1,1,0,1,0,1,0,1,1,0,0,1,0,1,0,0,1,1,1,1,1,1,1,0,1,1,0
82 84 1,0,1,0,0,0,1,1,1,0,0,1,0,1,1,0,1,0,0,0,0,1,0,0,0,1,0,1,1,0,0,1,0,1,0,1,0,0,1,1,0,1,1,1,0,0,0,0,0,1,1,0,1,1,1,1,0,1,1,1,0,1,0,0,0,1,0,1,1,0,1,1,0,1,1,0,1,0,1,0,1,1,0,0,1,0,1,0,0,1,1,1,1,1,1,1,0,1,1,0
82 85 1,0,1,0,0,0,1,1,1,0,0,1,0,1,1,0,1,0,0,0,0,1,0,0,0,1,0,1,1,0,0,1,0,1,0,1,0,0,1,1,0,1,1,1,0,0,0,0,0,1,1,0,1,1,1,1,0,1,1,1,0,1,0,0,0,1,0,1,1,0,1,1,0,1,1,0,1,0,1,0,1,1,0,0,1,0,1,0,0,1,1,1,1,1,1,1,0,1,1,0
82 86 1,0,1,0,0,0,1,1,1,0,0,1,0,1,1,0,1,0,0,0,0,1,0,0,0,1,0,1,1,0,0,1,0,1,0,1,0,0,1,1,0,1,1,1,0,0,0,0,0,1,1,0,1,1,1,1,0,1,1,1,0,1,0,0,0,1,0,1,1,0,1,1,0,1,1,0,1,0,1,0,1,1,0,0,1,0,1,0,0,1,1,1,1,1,1,1,0,1,1,0
82 87 1,0,1,0,0,0,1,1,1,0,0,1,0,1,1,0,1,0,0,0,0,1,0,0,0,1,0,1,1,0,0,1,0,1,0,1,0,0,1,1,0,1,1,1,0,0,0,0,0,1,1,0,1,1,1,1,0,1,1,1,0,1,0,0,0,1,0,1,1,0,1,1,0,1,1,0,1,0,1,0,1,1,0,0,1,0,1,0,0,1,1,1,1,1,1,1,0,1,1,0
82 88 1,0,1,0,0,0,1,1,1,0,0,1,0,1,1,0,1,0,0,0,0,1,0,0,0,1,0,1,1,0,0,1,0,1,0,1,0,0,1,1,0,1,1,1,0,0,0,0,0,1,1,0,1,1,1,1,0,1,1,1,0,1,0,0,0,1,0,1,1,0,1,1,0,1,1,0,1,0,1,0,1,1,0,0,1,0,1,0,0,1,1,1,1,1,1,1,0,1,1,0
82 89 1,0,1,0,0,0,1,1,1,0,0,1,0,1,1,0,1,0,0,0,0,1,0,0,0,1,0,1,1,0,0,1,0,1,0,1,0,0,1,1,0,1,1,1,0,0,0,0,0,1,1,0,1,1,1,1,0,1,1,1,0,1,0,0,0,1,0,1,1,0,1,1,0,1,1,0,1,0,1,0,1,1,0,0,1,0,1,0,0,1,1,1,1,1,1,1,0,1,1,0
83 84 1,0,1,0,0,0,1,1,1,0,0,1,0,1,1,0,1,0,0,0,0,1,0,0,0,1,0,1,1,0,0,1,0,1,0,1,0,0,1,1,0,1,1,1,0,0,0,0,0,1,1,0,1,1,1,1,0,1,1,1,0,1,0,0,0,1,0,1,1,0,1,1,0,1,1,0,1,0,1,0,1,1,0,0,1,0,1,0,0,1,1,1,1,1,1,1,0,1,1,0
83 85 1,0,1,0,0,0,1,1,1,0,0,1,0,1,1,0,1,0,0,0,0,1,0,0,0,1,0,1,1,0,0,1,0,1,0,1,0,0,1,1,0,1,1,1,0,0,0,0,0,1,1,0,1,1,1,1,0,1,1,1,0,1,0,0,0,1,0,1,1,0,1,1,0,1,1,0,1,0,1,0,1,1,0,0,1,0,1,0,0,1,1,1,1,1,1,1,0,1,1,0
83 86 1,0,1,0,0,0,1,1,1,0,0,1,0,1,1,0,1,0,0,0,0,1,0,0,0,1,0,1,1,0,0,1,0,1,0,1,0,0,1,1,0,1,1,1,0,0,0,0,0,1,1,0,1,1,1,1,0,1,1,1,0,1,0,0,0,1,0,1,1,0,1,1,0,1,1,0,1,0,1,0,1,1,0,0,1,0,1,0,0,1,1,1,1,1,1,1,0,1,1,0
83 87 1,0,1,0,0,0,1,1,1,0,0,1,0,1,1,0,1,0,0,0,0,1,0,0,0,1,0,1,1,0,0,1,0,1,0,1,0,0,1,1,0,1,1,1,0,0,0,0,0,1,1,0,1,1,1,1,0,1,1,1,0,1,0,0,0,1,0,1,1,0,1,1,0,1,1,0,1,0,1,0,1,1,0,0,1,0,1,0,0,1,1,1,1,1,1,1,0,1,1,0
83 88 1,0,1,0,0,0,1,1,1,0,0,1,0,1,1,0,1,0,0,0,0,1,0,0,0,1,0,1,1,0,0,1,0,1,0,1,0,0,1,1,0,1,1,1,0,0,0,0,0,1,1,0,1,1,1,1,0,1,1,1,0,1,0,0,0,1,0,1,1,0,1,1,0,1,1,0,1,0,1,0,1,1,0,0,1,0,1,0,0,1,1,1,1,1,1,1,0,1,1,0
83 89 1,0,1,0,0,0,1,1,1,0,0,1,0,1,1,0,1,0,0,0,0,1,0,0,0,1,0,1,1,0,0,1,0,1,0,1,0,0,1,1,0,1,1,1,0,0,0,0,0,1,1,0,1,1,1,1,0,1,1,1,0,1,0,0,0,1,0,1,1,0,1,1,0,1,1,0,1,0,1,0,1,1,0,0,1,0,1,0,0,1,1,1,1,1,1,1,0,1,1,0
84 85 1,0,1,0,0,0,1,1,1,0,0,1,0,1,1,0,1,0,0,0,0,1,0,0,0,1,0,1,1,0,0,1,0,1,0,1,0,0,1,1,0,1,1,1,0,0,0,0,0,1,1,0,1,1,1,1,0,1,1,1,0,1,0,0,0,1,0,1,1,0,1,1,0,1,1,0,1,0,1,0,1,1,0,0,1,0,1,0,0,1,1,1,1,1,1,1,0,1,1,0
84 86 1,0,1,0,0,0,1,1,1,0,0,1,0,1,1,0,1,0,0,0,0,1,0,0,0,1,0,1,1,0,0,1,0,1,0,1,0,0,1,1,0,1,1,1,0,0,0,0,0,1,1,0,1,1,1,1,0,1,1,1,0,1,0,0,0,1,0,1,1,0,1,1,0,1,1,0,1,0,1,0,1,1,0,0,1,0,1,0,0,1,1,1,1,1,1,1,0,1,1,0
84 87 1,0,1,0,0,0,1,1,1,0,0,1,0,1,1,0,1,0,0,0,0,1,0,0,0,1,0,1,1,0,0,1,0,1,0,1,0,0,1,1,0,1,1,1,0,0,0,0,0,1,1,0,1,1,1,1,0,1,1,1,0,1,0,0,0,1,0,1,1,0,1,1,0,1,1,0,1,0,1,0,1,1,0,0,1,0,1,0,0,1,1,1,1,1,1,1,0,1,1,0
84 88 1,0,1,0,0,0,1,1,1,0,0,1,0,1,1,0,1,0,0,0,0,1,0,0,0,1,0,1,1,0,0,1,0,1,0,1,0,0,1,1,0,1,1,1,0,0,0,0,0,1,1,0,1,1,1,1,0,1,1,1,0,1,0,0,0,1,0,1,1,0,1,1,0,1,1,0,1,0,1,0,1,1,0,0,1,0,1,0,0,1,1,1,1,1,1,1,0,1,1,0
84 89 1,0,1,0,0,0,1,1,1,0,0,1,0,1,1,0,1,0,0,0,0,1,0,0,0,1,0,1,1,0,0,1,0,1,0,1,0,0,1,1,0,1,1,1,0,0,0,0,0,1,1,0,1,1,1,1,0,1,1,1,0,1,0,0,0,1,0,1,1,0,1,1,0,1,1,0,1,0,1,0,1,1,0,0,1,0,1,0,0,1,1,1,1,1,1,1,0,1,1,0
85 86 1,0,1,0,0,0,1,1,1,0,0,1,0,1,1,0,1,0,0,0,0,1,0,0,0,1,0,1,1,0,0,1,0,1,0,1,0,0,1,1,0,1,1,1,0,0,0,0,0,1,1,0,1,1,1,1,0,1,1,1,0,1,0,0,0,1,0,1,1,0,1,1,0,1,1,0,1,0,1,0,1,1,0,0,1,0,1,0,0,1,1,1,1,1,1,1,0,1,1,0
85 87 1,0,1,0,0,0,1,1,1,0,0,1,0,1,1,0,1,0,0,0,0,1,0,0,0,1,0,1,1,0,0,1,0,1,0,1,0,0,1,1,0,1,1,1,0,0,0,0,0,1,1,0,1,1,1,1,0,1,1,1,0,1,0,0,0,1,0,1,1,0,1,1,0,1,1,0,1,0,1,0,1,1,0,0,1,0,1,0,0,1,1,1,1,1,1,1,0,1,1,0
85 88 1,0,1,0,0,0,1,1,1,0,0,1,0,1,1,0,1,0,0,0,0,1,0,0,0,1,0,1,1,0,0,1,0,1,0,1,0,0,1,1,0,1,1,1,0,0,0,0,0,1,1,0,1,1,1,1,0,1,1,1,0,1,0,0,0,1,0,1,1,0,1,1,0,1,1,0,1,0,1,0,1,1,0,0,1,0,1,0,0,1,1,1,1,1,1,1,0,1,1,0
85 89 1,0,1,0,0,0,1,1,1,0,0,1,0,1,1,0,1,0,0,0,0,1,0,0,0,1,0,1,1,0,0,1,0,1,0,1,0,0,1,1,0,1,1,1,0,0,0,0,0,1,1,0,1,1,1,1,0,1,1,1,0,1,0,0,0,1,0,1,1,0,1,1,0,1,1,0,1,0,1,0,1,1,0,0,1,0,1,0,0,1,1,1,1,1,1,1,0,1,1,0
86 87 1,0,1,0,0,0,1,1,1,0,0,1,0,1,1,0,1,0,0,0,0,1,0,0,0,1,0,1,1,0,0,1,0,1,0,1,0,0,1,1,0,1,1,1,0,0,0,0,0,1,1,0,1,1,1,1,0,1,1,1,0,1,0,0,0,1,0,1,1,0,1,1,0,1,1,0,1,0,1,0,1,1,0,0,1,0,1,0,0,1,1,1,1,1,1,1,0,1,1,0
86 88 1,0,1,0,0,0,1,1,1,0,0,1,0,1,1,0,1,0,0,0,0,1,0,0,0,1,0,1,1,0,0,1,0,1,0,1,0,0,1,1,0,1,1,1,0,0,0,0,0,1,1,0,1,1,1,1,0,1,1,1,0,1,0,0,0,1,0,1,1,0,1,1,0,1,1,0,1,0,1,0,1,1,0,0,1,0,1,0,0,1,1,1,1,1,1,1,0,1,1,0
86 89 1,0,1,0,0,0,1,1,1,0,0,1,0,1,1,0,1,0,0,0,0,1,0,0,0,1,0,1,1,0,0,1,0,1,0,1,0,0,1,1,0,1,1,1,0,0,0,0,0,1,1,0,1,1,1,1,0,1,1,1,0,1,0,0,0,1,0,1,1,0,1,1,0,1,1,0,1,0,1,0,1,1,0,0,1,0,1,0,0,1,1,1,1,1,1,1,0,1,1,0
87 88 1,0,1,0,0,0,1,1,1,0,0,1,0,1,1,0,1,0,0,0,0,1,0,0,0,1,0,1,1,0,0,1,0,1,0,1,0,0,1,1,0,1,1,1,0,0,0,0,0,1,1,0,1,1,1,1,0,1,1,1,0,1,0,0,0,1,0,1,1,0,1,1,0,1,1,0,1,0,1,0,1,1,0,0,1,0,1,0,0,1,1,1,1,1,1,1,0,1,1,0
87 89 1,0,1,0,0,0,1,1,1,0,0,1,0,1,1,0,1,0,0,0,0,1,0,0,0,1,0,1,1,0,0,1,0,1,0,1,0,0,1,1,0,1,1,1,0,0,0,0,0,1,1,0,1,1,1,1,0,1,1,1,0,1,0,0,0,1,0,1,1,0,1,1,0,1,1,0,1,0,1,0,1,1,0,0,1,0,1,0,0,1,1,1,1,1,1,1,0,1,1,0
88 89 1,0,1,0,0,0,1,1,1,0,0,1,0,1,1,0,1,0,0,0,0,1,0,0,0,1,0,1,1,0,0,1,0,1,0,1,0,0,1,1,0,1,1,1,0,0,0,0,0,1,1,0,1,1,1,1,0,1,1,1,0,1,0,0,0,1,0,1,1,0,1,1,0,1,1,0,1,0,1,0,1,1,0,0,1,0,1,0,0,1,1,1,1,1,1,1,0,1,1,0
89 90 1,1,0,0,1,1,0,0,1,1,1,0,1,1,0,1,0,0,1,0,1,0,0,1,0,1,0,1,1,1,0,0,0,0,0,1,0,0,0,0,0,1,0,1,1,1,0,1,1,0,1,1,0,1,1,0,1,0,0,1,1,0,0,0,0,1,0,1,1,1,0,0,0,1,1,1,0,1,0,0,0,1,1,0,0,0,0,0,1,0,1,1,0,0,1,1,0,1,0,0
90 92 0,1,0,0,1,1,0,1,1,1,1,0,0,1,1,1,1,1,0,1,1,1,0,1,0,0,0,1,0,1,1,1,0,1,0,1,0,1,0,1,1,0,1,0,0,1,0,1,1,0,1,0,0,0,1,1,0,0,1,1,1,0,0,1,1,0,1,1,0,0,0,0,0,1,1,0,0,0,1,0,0,1,0,1,1,1,1,1,0,1,1,0,1,1,1,1,0,1,0,0
90 93 0,1,0,0,1,1,0,1,1,1,1,0,0,1,1,1,1,1,0,1,1,1,0,1,0,0,0,1,0,1,1,1,0,1,0,1,0,1,0,1,1,0,1,0,0,1,0,1,1,0,1,0,0,0,1,1,0,0,1,1,1,0,0,1,1,0,1,1,0,0,0,0,0,1,1,0,0,0,1,0,0,1,0,1,1,1,1,1,0,1,1,0,1,1,1,1,0,1,0,0
90 94 0,1,0,0,1,1,0,1,1,1,1,0,0,1,1,1,1,1,0,1,1,1,0,1,0,0,0,1,0,1,1,1,0,1,0,1,0,1,0,1,1,0,1,0,0,1,0,1,1,0,1,0,0,0,1,1,0,0,1,1,1,0,0,1,1,0,1,1,0,0,0,0,0,1,1,0,0,0,1,0,0,1,0,1,1,1,1,1,0,1,1,0,1,1,1,1,0,1,0,0
90 95 0,1,0,0,1,1,0,1,1,1,1,0,0,1,1,1,1,1,0,1,1,1,0,1,0,0,0,1,0,1,1,1,0,1,0,1,0,1,0,1,1,0,1,0,0,1,0,1,1,0,1,0,0,0,1,1,0,0,1,1,1,0,0,1,1,0,1,1,0,0,0,0,0,1,1,0,0,0,1,0,0,1,0,1,1,1,1,1,0,1,1,0,1,1,1,1,0,1,0,0
90 96 0,1,0,0,1,1,0,1,1,1,1,0,0,1,1,1,1,1,0,1,1,1,0,1,0,0,0,1,0,1,1,1,0,1,0,1,0,1,0,1,1,0,1,0,0,1,0,1,1,0,1,0,0,0,1,1,0,0,1,1,1,0,0,1,1,0,1,1,0,0,0,0,0,1,1,0,0,0,1,0,0,1,0,1,1,1,1,1,0,1,1,0,1,1,1,1,0,1,0,0
90 97 0,1,0,0,1,1,0,1,1,1,1,0,0,1,1,1,1,1,0,1,1,1,0,1,0,0,0,1,0,1,1,1,0,1,0,1,0,1,0,1,1,0,1,0,0,1,0,1,1,0,1,0,0,0,1,1,0,0,1,1,1,0,0,1,1,0,1,1,0,0,0,0,0,1,1,0,0,0,1,0,0,1,0,1,1,1,1,1,0,1,1,0,1,1,1,1,0,1,0,0
90 98 0,1,0,0,1,1,0,1,1,1,1,0,0,1,1,1,1,1,0,1,1,1,0,1,0,0,0,1,0,1,1,1,0,1,0,1,0,1,0,1,1,0,1,0,0,1,0,1,1,0,1,0,0,0,1,1,0,0,1,1,1,0,0,1,1,0,1,1,0,0,0,0,0,1,1,0,0,0,1,0,0,1,0,1,1,1,1,1,0,1,1,0,1,1,1,1,0,1,0,0
90 99 0,1,0,0,1,1,0,1,1,1,1,0,0,1,1,1,1,1,0,1,1,1,0,1,0,0,0,1,0,1,1,1,0,1,0,1,0,1,0,1,1,0,1,0,0,1,0,1,1,0,1,0,0,0,1,1,0,0,1,1,1,0,0,1,1,0,1,1,0,0,0,0,0,1,1,0,0,0,1,0,0,1,0,1,1,1,1,1,0,1,1,0,1,1,1,1,0,1,0,0
91 92 0,1,0,0,1,1,0,1,1,1,1,0,0,1,1,1,1,1,0,1,1,1,0,1,0,0,0,1,0,1,1,1,0,1,0,1,0,1,0,1,1,0,1,0,0,1,0,1,1,0,1,0,0,0,1,1,0,0,1,1,1,0,0,1,1,0,1,1,0,0,0,0,0,1,1,0,0,0,1,0,0,1,0,1,1,1,1,1,0,1,1,0,1,1,1,1,0,1,0,0
91 93 0,1,0,0,1,1,0,1,1,1,1,0,0,1,1,1,1,1,0,1,1,1,0,1,0,0,0,1,0,1,1,1,0,1,0,1,0,1,0,1,1,0,1,0,0,1,0,1,1,0,1,0,0,0,1,1,0,0,1,1,1,0,0,1,1,0,1,1,0,0,0,0,0,1,1,0,0,0,1,0,0,1,0,1,1,1,1,1,0,1,1,0,1,1,1,1,0,1,0,0
91 94 0,1,0,0,1,1,0,1,1,1,1,0,0,1,1,1,1,1,0,1,1,1,0,1,0,0,0,1,0,1,1,1,0,1,0,1,0,1,0,1,1,0,1,0,0,1,0,1,1,0,1,0,0,0,1,1,0,0,1,1,1,0,0,1,1,0,1,1,0,0,0,0,0,1,1,0,0,0,1,0,0,1,0,1,1,1,1,1,0,1,1,0,1,1,1,1,0,1,0,0
91 95 0,1,0,0,1,1,0,1,1,1,1,0,0,1,1,1,1,1,0,1,1,1,0,1,0,0,0,1,0,1,1,1,0,1,0,1,0,1,0,1,1,0,1,0,0,1,0,1,1,0,1,0,0,0,1,1,0,0,1,1,1,0,0,1,1,0,1,1,0,0,0,0,0,1,1,0,0,0,1,0,0,1,0,1,1,1,1,1,0,1,1,0,1,1,1,1,0,1,0,0
91 96 0,1,0,0,1,1,0,1,1,1,1,0,0,1,1,1,1,1,0,1,1,1,0,1,0,0,0,1,0,1,1,1,0,1,0,1,0,1,0,1,1,0,1,0,0,1,0,1,1,0,1,0,0,0,1,1,0,0,1,1,1,0,0,1,1,0,1,1,0,0,0,0,0,1,1,0,0,0,1,0,0,1,0,1,1,1,1,1,0,1,1,0,1,1,1,1,0,1,0,0
91 97 0,1,0,0,1,1,0,1,1,1,1,0,0,1,1,1,1,1,0,1,1,1,0,1,0,0,0,1,0,1,1,1,0,1,0,1,0,1,0,1,1,0,1,0,0,1,0,1,1,0,1,0,0,0,1,1,0,0,1,1,1,0,0,1,1,0,1,1,0,0,0,0,0,1,1,0,0,0,1,0,0,1,0,1,1,1,1,1,0,1,1,0,1,1,1,1,0,1,0,0
91 98 0,1,0,0,1,1,0,1,1,1,1,0,0,1,1,1,1,1,0,1,1,1,0,1,0,0,0,1,0,1,1,1,0,1,0,1,0,1,0,1,1,0,1,0,0,1,0,1,1,0,1,0,0,0,1,1,0,0,1,1,1,0,0,1,1,0,1,1,0,0,0,0,0,1,1,0,0,0,1,0,0,1,0,1,1,1,1,1,0,1,1,0,1,1,1,1,0,1,0,0
91 99 0,1,0,0,1,1,0,1,1,1,1,0,0,1,1,1,1,1,0,1,1,1,0,1,0,0,0,1,0,1,1,1,0,1,0,1,0,1,0,1,1,0,1,0,0,1,0,1,1,0,1,0,0,0,1,1,0,0,1,1,1,0,0,1,1,0,1,1,0,0,0,0,0,1,1,0,0,0,1,0,0,1,0,1,1,1,1,1,0,1,1,0,1,1,1,1,0,1,0,0
92 93 0,1,0,0,1,1,0,1,1,1,1,0,0,1,1,1,1,1,0,1,1,1,0,1,0,0,0,1,0,1,1,1,0,1,0,1,0,1,0,1,1,0,1,0,0,1,0,1,1,0,1,0,0,0,1,1,0,0,1,1,1,0,0,1,1,0,1,1,0,0,0,0,0,1,1,0,0,0,1,0,0,1,0,1,1,1,1,1,0,1,1,0,1,1,1,1,0,1,0,0
92 94 0,1,0,0,1,1,0,1,1,1,1,0,0,1,1,1,1,1,0,1,1,1,0,1,0,0,0,1,0,1,1,1,0,1,0,1,0,1,0,1,1,0,1,0,0,1,0,1,1,0,1,0,0,0,1,1,0,0,1,1,1,0,0,1,1,0,1,1,0,0,0,0,0,1,1,0,0,0,1,0,0,1,0,1,1,1,1,1,0,1,1,0,1,1,1,1,0,1,0,0
92 95 0,1,0,0,1,1,0,1,1,1,1,0,0,1,1,1,1,1,0,1,1,1,0,1,0,0,0,1,0,1,1,1,0,1,0,1,0,1,0,1,1,0,1,0,0,1,0,1,1,0,1,0,0,0,1,1,0,0,1,1,1,0,0,1,1,0,1,1,0,0,0,0,0,1,1,0,0,0,1,0,0,1,0,1,1,1,1,1,0,1,1,0,1,1,1,1,0,1,0,0
92 96 0,1,0,0,1,1,0,1,1,1,1,0,0,1,1,1,1,1,0,1,1,1,0,1,0,0,0,1,0,1,1,1,0,1,0,1,0,1,0,1,1,0,1,0,0,1,0,1,1,0,1,0,0,0,1,1,0,0,1,1,1,0,0,1,1,0,1,1,0,0,0,0,0,1,1,0,0,0,1,0,0,1,0,1,1,1,1,1,0,1,1,0,1,1,1,1,0,1,0,0
92 97 0,1,0,0,1,1,0,1,1,1,1,0,0,1,1,1,1,1,0,1,1,1,0,1,0,0,0,1,0,1,1,1,0,1,0,1,0,1,0,1,1,0,1,0,0,1,0,1,1,0,1,0,0,0,1,1,0,0,1,1,1,0,0,1,1,0,1,1,0,0,0,0,0,1,1,0,0,0,1,0,0,1,0,1,1,1,1,1,0,1,1,0,1,1,1,1,0,1,0,0
92 98 0,1,0,0,1,1,0,1,1,1,1,0,0,1,1,1,1,1,0,1,1,1,0,1,0,0,0,1,0,1,1,1,0,1,0,1,0,1,0,1,1,0,1,0,0,1,0,1,1,0,1,0,0,0,1,1,0,0,1,1,1,0,0,1,1,0,1,1,0,0,0,0,0,1,1,0,0,0,1,0,0,1,0,1,1,1,1,1,0,1,1,0,1,1,1,1,0,1,0,0
92 99 0,1,0,0,1,1,0,1,1,1,1,0,0,1,1,1,1,1,0,1,1,1,0,1,0,0,0,1,0,1,1,1,0,1,0,1,0,1,0,1,1,0,1,0,0,1,0,1,1,0,1,0,0,0,1,1,0,0,1,1,1,0,0,1,1,0,1,1,0,0,0,0,0,1,1,0,0,0,1,0,0,1,0,1,1,1,1,1,0,1,1,0,1,1,1,1,0,1,0,0
93 94 0,1,0,0,1,1,0,1,1,1,1,0,0,1,1,1,1,1,0,1,1,1,0,1,0,0,0,1,0,1,1,1,0,1,0,1,0,1,0,1,1,0,1,0,0,1,0,1,1,0,1,0,0,0,1,1,0,0,1,1,1,0,0,1,1,0,1,1,0,0,0,0,0,1,1,0,0,0,1,0,0,1,0,1,1,1,1,1,0,1,1,0,1,1,1,1,0,1,0,0
93 95 0,1,0,0,1,1,0,1,1,1,1,0,0,1,1,1,1,1,0,1,1,1,0,1,0,0,0,1,0,1,1,1,0,1,0,1,0,1,0,1,1,0,1,0,0,1,0,1,1,0,1,0,0,0,1,1,0,0,1,1,1,0,0,1,1,0,1,1,0,0,0,0,0,1,1,0,0,0,1,0,0,1,0,1,1,1,1,1,0,1,1,0,1,1,1,1,0,1,0,0
93 96 0,1,0,0,1,1,0,1,1,1,1,0,0,1,1,1,1,1,0,1,1,1,0,1,0,0,0,1,0,1,1,1,0,1,0,1,0,1,0,1,1,0,1,0,0,1,0,1,1,0,1,0,0,0,1,1,0,0,1,1,1,0,0,1,1,0,1,1,0,0,0,0,0,1,1,0,0,0,1,0,0,1,0,1,1,1,1,1,0,1,1,0,1,1,1,1,0,1,0,0
93 97 0,1,0,0,1,1,0,1,1,1,1,0,0,1,1,1,1,1,0,1,1,1,0,1,0,0,0,1,0,1,1,1,0,1,0,1,0,1,0,1,1,0,1,0,0,1,0,1,1,0,1,0,0,0,1,1,0,0,1,1,1,0,0,1,1,0,1,1,0,0,0,0,0,1,1,0,0,0,1,0,0,1,0,1,1,1,1,1,0,1,1,0,1,1,1,1,0,1,0,0
93 98 0,1,0,0,1,1,0,1,1,1,1,0,0,1,1,1,1,1,0,1,1,1,0,1,0,0,0,1,0,1,1,1,0,1,0,1,0,1,0,1,1,0,1,0,0,1,0,1,1,0,1,0,0,0,1,1,0,0,1,1,1,0,0,1,1,0,1,1,0,0,0,0,0,1,1,0,0,0,1,0,0,1,0,1,1,1,1,1,0,1,1,0,1,1,1,1,0,1,0,0
93 99 0,1,0,0,1,1,0,1,1,1,1,0,0,1,1,1,1,1,0,1,1,1,0,1,0,0,0,1,0,1,1,1,0,1,0,1,0,1,0,1,1,0,1,0,0,1,0,1,1,0,1,0,0,0,1,1,0,0,1,1,1,0,0,1,1,0,1,1,0,0,0,0,0,1,1,0,0,0,1,0,0,1,0,1,1,1,1,1,0,1,1,0,1,1,1,1,0,1,0,0
94 95 0,1,0,0,1,1,0,1,1,1,1,0,0,1,1,1,1,1,0,1,1,1,0,1,0,0,0,1,0,1,1,1,0,1,0,1,0,1,0,1,1,0,1,0,0,1,0,1,1,0,1,0,0,0,1,1,0,0,1,1,1,0,0,1,1,0,1,1,0,0,0,0,0,1,1,0,0,0,1,0,0,1,0,1,1,1,1,1,0,1,1,0,1,1,1,1,0,1,0,0
94 96 0,1,0,0,1,1,0,1,1,1,1,0,0,1,1,1,1,1,0,1,1,1,0,1,0,0,0,1,0,1,1,1,0,1,0,1,0,1,0,1,1,0,1,0,0,1,0,1,1,0,1,0,0,0,1,1,0,0,1,1,1,0,0,1,1,0,1,1,0,0,0,0,0,1,1,0,0,0,1,0,0,1,0,1,1,1,1,1,0,1,1,0,1,1,1,1,0,1,0,0
94 97 0,1,0,0,1,1,0,1,1,1,1,0,0,1,1,1,1,1,0,1,1,1,0,1,0,0,0,1,0,1,1,1,0,1,0,1,0,1,0,1,1,0,1,0,0,1,0,1,1,0,1,0,0,0,1,1,0,0,1,1,1,0,0,1,1,0,1,1,0,0,0,0,0,1,1,0,0,0,1,0,0,1,0,1,1,1,1,1,0,1,1,0,1,1,1,1,0,1,0,0
94 98 0,1,0,0,1,1,0,1,1,1,1,0,0,1,1,1,1,1,0,1,1,1,0,1,0,0,0,1,0,1,1,1,0,1,0,1,0,1,0,1,1,0,1,0,0,1,0,1,1,0,1,0,0,0,1,1,0,0,1,1,1,0,0,1,1,0,1,1,0,0,0,0,0,1,1,0,0,0,1,0,0,1,0,1,1,1,1,1,0,1,1,0,1,1,1,1,0,1,0,0
94 99 0,1,0,0,1,1,0,1,1,1,1,0,0,1,1,1,1,1,0,1,1,1,0,1,0,0,0,1,0,1,1,1,0,1,0,1,0,1,0,1,1,0,1,0,0,1,0,1,1,0,1,0,0,0,1,1,0,0,1,1,1,0,0,1,1,0,1,1,0,0,0,0,0,1,1,0,0,0,1,0,0,1,0,1,1,1,1,1,0,1,1,0,1,1,1,1,0,1,0,0
95 96 0,1,0,0,1,1,0,1,1,1,1,0,0,1,1,1,1,1,0,1,1,1,0,1,0,0,0,1,0,1,1,1,0,1,0,1,0,1,0,1,1,0,1,0,0,1,0,1,1,0,1,0,0,0,1,1,0,0,1,1,1,0,0,1,1,0,1,1,0,0,0,0,0,1,1,0,0,0,1,0,0,1,0,1,1,1,1,1,0,1,1,0,1,1,1,1,0,1,0,0
95 97 0,1,0,0,1,1,0,1,1,1,1,0,0,1,1,1,1,1,0,1,1,1,0,1,0,0,0,1,0,1,1,1,0,1,0,1,0,1,0,1,1,0,1,0,0,1,0,1,1,0,1,0,0,0,1,1,0,0,1,1,1,0,0,1,1,0,1,1,0,0,0,0,0,1,1,0,0,0,1,0,0,1,0,1,1,1,1,1,0,1,1,0,1,1,1,1,0,1,0,0
95 98 0,1,0,0,1,1,0,1,1,1,1,0,0,1,1,1,1,1,0,1,1,1,0,1,0,0,0,1,0,1,1,1,0,1,0,1,0,1,0,1,1,0,1,0,0,1,0,1,1,0,1,0,0,0,1,1,0,0,1,1,1,0,0,1,1,0,1,1,0,0,0,0,0,1,1,0,0,0,1,0,0,1,0,1,1,1,1,1,0,1,1,0,1,1,1,1,0,1,0,0
95 99 0,1,0,0,1,1,0,1,1,1,1,0,0,1,1,1,1,1,0,1,1,1,0,1,0,0,0,1,0,1,1,1,0,1,0,1,0,1,0,1,1,0,1,0,0,1,0,1,1,0,1,0,0,0,1,1,0,0,1,1,1,0,0,1,1,0,1,1,0,0,0,0,0,1,1,0,0,0,1,0,0,1,0,1,1,1,1,1,0,1,1,0,1,1,1,1,0,1,0,0
96 97 0,1,0,0,1,1,0,1,1,1,1,0,0,1,1,1,1,1,0,1,1,1,0,1,0,0,0,1,0,1,1,1,0,1,0,1,0,1,0,1,1,0,1,0,0,1,0,1,1,0,1,0,0,0,1,1,0,0,1,1,1,0,0,1,1,0,1,1,0,0,0,0,0,1,1,0,0,0,1,0,0,1,0,1,1,1,1,1,0,1,1,0,1,1,1,1,0,1,0,0
96 98 0,1,0,0,1,1,0,1,1,1,1,0,0,1,1,1,1,1,0,1,1,1,0,1,0,0,0,1,0,1,1,1,0,1,0,1,0,1,0,1,1,0,1,0,0,1,0,1,1,0,1,0,0,0,1,1,0,0,1,1,1,0,0,1,1,0,1,1,0,0,0,0,0,1,1,0,0,0,1,0,0,1,0,1,1,1,1,1,0,1,1,0,1,1,1,1,0,1,0,0
96 99 0,1,0,0,1,1,0,1,1,1,1,0,0,1,1,1,1,1,0,1,1,1,0,1,0,0,0,1,0,1,1,1,0,1,0,1,0,1,0,1,1,0,1,0,0,1,0,1,1,0,1,0,0,0,1,1,0,0,1,1,1,0,0,1,1,0,1,1,0,0,0,0,0,1,1,0,0,0,1,0,0,1,0,1,1,1,1,1,0,1,1,0,1,1,1,1,0,1,0,0
97 98 0,1,0,0,1,1,0,1,1,1,1,0,0,1,1,1,1,1,0,1,1,1,0,1,0,0,0,1,0,1,1,1,0,1,0,1,0,1,0,1,1,0,1,0,0,1,0,1,1,0,1,0,0,0,1,1,0,0,1,1,1,0,0,1,1,0,1,1,0,0,0,0,0,1,1,0,0,0,1,0,0,1,0,1,1,1,1,1,0,1,1,0,1,1,1,1,0,1,0,0
97 99 0,1,0,0,1,1,0,1,1,1,1,0,0,1,1,1,1,1,0,1,1,1,0,1,0,0,0,1,0,1,1,1,0,1,0,1,0,1,0,1,1,0,1,0,0,1,0,1,1,0,1,0,0,0,1,1,0,0,1,1,1,0,0,1,1,0,1,1,0,0,0,0,0,1,1,0,0,0,1,0,0,1,0,1,1,1,1,1,0,1,1,0,1,1,1,1,0,1,0,0
98 99 0,1,0,0,1,1,0,1,1,1,1,0,0,1,1,1,1,1,0,1,1,1,0,1,0,0,0,1,0,1,1,1,0,1,0,1,0,1,0,1,1,0,1,0,0,1,0,1,1,0,1,0,0,0,1,1,0,0,1,1,1,0,0,1,1,0,1,1,0,0,0,0,0,1,1,0,0,0,1,0,0,1,0,1,1,1,1,1,0,1,1,0,1,1,1,1,0,1,0,0
